[{"id":"PKB1z_UvweM","created_at":"2018-03-25T14:19:38-04:00","updated_at":"2018-03-26T04:21:12-04:00","width":1536,"height":2304,"color":"#D8C8BF","description":null,"categories":[],"user":{"id":"AnECqpDoDeA","updated_at":"2018-03-26T14:05:28-04:00","username":"perchekindustrie","name":"Clément Percheron","first_name":"Clément","last_name":"Percheron","twitter_username":null,"portfolio_url":null,"bio":"Mes photos sont mises à votre disposition. Vous en faites ce que vous voulez.\r\nMon compte Instagram : @perchek.industrie\r\n","location":null,"links":{"self":"https://api.unsplash.com/users/perchekindustrie","html":"https://unsplash.com/@perchekindustrie","photos":"https://api.unsplash.com/users/perchekindustrie/photos","likes":"https://api.unsplash.com/users/perchekindustrie/likes","portfolio":"https://api.unsplash.com/users/perchekindustrie/portfolio","following":"https://api.unsplash.com/users/perchekindustrie/following","followers":"https://api.unsplash.com/users/perchekindustrie/followers"},"profile_image":{"small":"https://images.unsplash.com/profile-1521901552585-683cb7379db6?ixlib=rb-0.3.5&q=80&fm=jpg&crop=faces&cs=tinysrgb&fit=crop&h=32&w=32&s=e635445d6e79c753d15011f9f5798c9d","medium":"https://images.unsplash.com/profile-1521901552585-683cb7379db6?ixlib=rb-0.3.5&q=80&fm=jpg&crop=faces&cs=tinysrgb&fit=crop&h=64&w=64&s=f32d928d6d896f6b4129369a4795028d","large":"https://images.unsplash.com/profile-1521901552585-683cb7379db6?ixlib=rb-0.3.5&q=80&fm=jpg&crop=faces&cs=tinysrgb&fit=crop&h=128&w=128&s=0c80af721aad152df8493361c93711c9"},"total_collections":0,"instagram_username":"perchek.industrie","total_likes":1,"total_photos":10},"urls":{"raw":"https://images.unsplash.com/photo-1522001972566-da5ef7c371a9?ixlib=rb-0.3.5&ixid=eyJhcHBfaWQiOjIzNDAyfQ&s=4744996979b2cafb9346950af5a6e55a","full":"https://images.unsplash.com/photo-1522001972566-da5ef7c371a9?ixlib=rb-0.3.5&q=85&fm=jpg&crop=entropy&cs=srgb&ixid=eyJhcHBfaWQiOjIzNDAyfQ&s=8cc0d8488643d53c755ed44f0ffbd8d4","regular":"https://images.unsplash.com/photo-1522001972566-da5ef7c371a9?ixlib=rb-0.3.5&q=80&fm=jpg&crop=entropy&cs=tinysrgb&w=1080&fit=max&ixid=eyJhcHBfaWQiOjIzNDAyfQ&s=1a651a79bd2b8ea86f2f451cfc1e98c5","small":"https://images.unsplash.com/photo-1522001972566-da5ef7c371a9?ixlib=rb-0.3.5&q=80&fm=jpg&crop=entropy&cs=tinysrgb&w=400&fit=max&ixid=eyJhcHBfaWQiOjIzNDAyfQ&s=eebb9086846d5e297e80ebe174a51737","thumb":"https://images.unsplash.com/photo-1522001972566-da5ef7c371a9?ixlib=rb-0.3.5&q=80&fm=jpg&crop=entropy&cs=tinysrgb&w=200&fit=max&ixid=eyJhcHBfaWQiOjIzNDAyfQ&s=23b9c44a5dbb88511083e2da4b3fcf1e"},"links":{"self":"https://api.unsplash.com/photos/PKB1z_UvweM","html":"https://unsplash.com/photos/PKB1z_UvweM","download":"https://unsplash.com/photos/PKB1z_UvweM/download","download_location":"https://api.unsplash.com/photos/PKB1z_UvweM/download"},"liked_by_user":false,"sponsored":false,"likes":57,"user":{"id":"AnECqpDoDeA","updated_at":"2018-03-26T14:05:28-04:00","username":"perchekindustrie","name":"Clément Percheron","first_name":"Clément","last_name":"Percheron","twitter_username":null,"portfolio_url":null,"bio":"Mes photos sont mises à votre disposition. Vous en faites ce que vous voulez.\r\nMon compte Instagram : @perchek.industrie\r\n","location":null,"links":{"self":"https://api.unsplash.com/users/perchekindustrie","html":"https://unsplash.com/@perchekindustrie","photos":"https://api.unsplash.com/users/perchekindustrie/photos","likes":"https://api.unsplash.com/users/perchekindustrie/likes","portfolio":"https://api.unsplash.com/users/perchekindustrie/portfolio","following":"https://api.unsplash.com/users/perchekindustrie/following","followers":"https://api.unsplash.com/users/perchekindustrie/followers"},"profile_image":{"small":"https://images.unsplash.com/profile-1521901552585-683cb7379db6?ixlib=rb-0.3.5&q=80&fm=jpg&crop=faces&cs=tinysrgb&fit=crop&h=32&w=32&s=e635445d6e79c753d15011f9f5798c9d","medium":"https://images.unsplash.com/profile-1521901552585-683cb7379db6?ixlib=rb-0.3.5&q=80&fm=jpg&crop=faces&cs=tinysrgb&fit=crop&h=64&w=64&s=f32d928d6d896f6b4129369a4795028d","large":"https://images.unsplash.com/profile-1521901552585-683cb7379db6?ixlib=rb-0.3.5&q=80&fm=jpg&crop=faces&cs=tinysrgb&fit=crop&h=128&w=128&s=0c80af721aad152df8493361c93711c9"},"total_collections":0,"instagram_username":"perchek.industrie","total_likes":1,"total_photos":10},"current_user_collections":[]},{"id":"IzcL4ulg6wI","created_at":"2018-03-25T14:33:05-04:00","updated_at":"2018-03-26T04:21:10-04:00","width":3000,"height":2000,"color":"#FDFCFC","description":null,"categories":[],"user":{"id":"AoAaMUVjBH0","updated_at":"2018-03-26T14:50:41-04:00","username":"heathermount","name":"Heather Mount","first_name":"Heather","last_name":"Mount","twitter_username":"heatherrmount","portfolio_url":"http://wanderingmounts.com","bio":null,"location":"Denton, TX","links":{"self":"https://api.unsplash.com/users/heathermount","html":"https://unsplash.com/@heathermount","photos":"https://api.unsplash.com/users/heathermount/photos","likes":"https://api.unsplash.com/users/heathermount/likes","portfolio":"https://api.unsplash.com/users/heathermount/portfolio","following":"https://api.unsplash.com/users/heathermount/following","followers":"https://api.unsplash.com/users/heathermount/followers"},"profile_image":{"small":"https://images.unsplash.com/profile-1522001278445-94bd70bbce00?ixlib=rb-0.3.5&q=80&fm=jpg&crop=faces&cs=tinysrgb&fit=crop&h=32&w=32&s=596e99e3d3f39d2cd8c37957d4759947","medium":"https://images.unsplash.com/profile-1522001278445-94bd70bbce00?ixlib=rb-0.3.5&q=80&fm=jpg&crop=faces&cs=tinysrgb&fit=crop&h=64&w=64&s=7ff53861862300f3a82d67ac2a29c992","large":"https://images.unsplash.com/profile-1522001278445-94bd70bbce00?ixlib=rb-0.3.5&q=80&fm=jpg&crop=faces&cs=tinysrgb&fit=crop&h=128&w=128&s=f2e9d060e33b9fce99305137b4f6b93f"},"total_collections":3,"instagram_username":"heathermount","total_likes":5,"total_photos":22},"urls":{"raw":"https://images.unsplash.com/photo-1522002721446-0b1109ac2192?ixlib=rb-0.3.5&ixid=eyJhcHBfaWQiOjIzNDAyfQ&s=c65b80af2f6b56996807c5f65f924794","full":"https://images.unsplash.com/photo-1522002721446-0b1109ac2192?ixlib=rb-0.3.5&q=85&fm=jpg&crop=entropy&cs=srgb&ixid=eyJhcHBfaWQiOjIzNDAyfQ&s=b325cc36d6808d343ed5b770691a3327","regular":"https://images.unsplash.com/photo-1522002721446-0b1109ac2192?ixlib=rb-0.3.5&q=80&fm=jpg&crop=entropy&cs=tinysrgb&w=1080&fit=max&ixid=eyJhcHBfaWQiOjIzNDAyfQ&s=597751d7419c3f6d2c3f5136b697bce5","small":"https://images.unsplash.com/photo-1522002721446-0b1109ac2192?ixlib=rb-0.3.5&q=80&fm=jpg&crop=entropy&cs=tinysrgb&w=400&fit=max&ixid=eyJhcHBfaWQiOjIzNDAyfQ&s=d81cbc2e43211c7159ceded0ba538fe4","thumb":"https://images.unsplash.com/photo-1522002721446-0b1109ac2192?ixlib=rb-0.3.5&q=80&fm=jpg&crop=entropy&cs=tinysrgb&w=200&fit=max&ixid=eyJhcHBfaWQiOjIzNDAyfQ&s=98a4601c011fb8301f9c67ce964b58d3"},"links":{"self":"https://api.unsplash.com/photos/IzcL4ulg6wI","html":"https://unsplash.com/photos/IzcL4ulg6wI","download":"https://unsplash.com/photos/IzcL4ulg6wI/download","download_location":"https://api.unsplash.com/photos/IzcL4ulg6wI/download"},"liked_by_user":false,"sponsored":false,"likes":52,"user":{"id":"AoAaMUVjBH0","updated_at":"2018-03-26T14:50:41-04:00","username":"heathermount","name":"Heather Mount","first_name":"Heather","last_name":"Mount","twitter_username":"heatherrmount","portfolio_url":"http://wanderingmounts.com","bio":null,"location":"Denton, TX","links":{"self":"https://api.unsplash.com/users/heathermount","html":"https://unsplash.com/@heathermount","photos":"https://api.unsplash.com/users/heathermount/photos","likes":"https://api.unsplash.com/users/heathermount/likes","portfolio":"https://api.unsplash.com/users/heathermount/portfolio","following":"https://api.unsplash.com/users/heathermount/following","followers":"https://api.unsplash.com/users/heathermount/followers"},"profile_image":{"small":"https://images.unsplash.com/profile-1522001278445-94bd70bbce00?ixlib=rb-0.3.5&q=80&fm=jpg&crop=faces&cs=tinysrgb&fit=crop&h=32&w=32&s=596e99e3d3f39d2cd8c37957d4759947","medium":"https://images.unsplash.com/profile-1522001278445-94bd70bbce00?ixlib=rb-0.3.5&q=80&fm=jpg&crop=faces&cs=tinysrgb&fit=crop&h=64&w=64&s=7ff53861862300f3a82d67ac2a29c992","large":"https://images.unsplash.com/profile-1522001278445-94bd70bbce00?ixlib=rb-0.3.5&q=80&fm=jpg&crop=faces&cs=tinysrgb&fit=crop&h=128&w=128&s=f2e9d060e33b9fce99305137b4f6b93f"},"total_collections":3,"instagram_username":"heathermount","total_likes":5,"total_photos":22},"current_user_collections":[]},{"id":"h9tkO_JYg38","created_at":"2018-03-25T18:47:40-04:00","updated_at":"2018-03-26T04:21:06-04:00","width":3709,"height":5563,"color":"#E8E8EB","description":null,"categories":[],"user":{"id":"TZs_V6UnJa4","updated_at":"2018-03-26T14:05:44-04:00","username":"oliver_visuals","name":"Easton Oliver","first_name":"Easton","last_name":"Oliver","twitter_username":"eastonolives","portfolio_url":"http://olivervisuals.co","bio":"Oklahoma-based photographer that desperately wants to not be Oklahoma-based.","location":"Oklahoma City","links":{"self":"https://api.unsplash.com/users/oliver_visuals","html":"https://unsplash.com/@oliver_visuals","photos":"https://api.unsplash.com/users/oliver_visuals/photos","likes":"https://api.unsplash.com/users/oliver_visuals/likes","portfolio":"https://api.unsplash.com/users/oliver_visuals/portfolio","following":"https://api.unsplash.com/users/oliver_visuals/following","followers":"https://api.unsplash.com/users/oliver_visuals/followers"},"profile_image":{"small":"https://images.unsplash.com/profile-1509814723567-3d5d56e54ea0?ixlib=rb-0.3.5&q=80&fm=jpg&crop=faces&cs=tinysrgb&fit=crop&h=32&w=32&s=c61b48eb93c963464872e405dc80d9ec","medium":"https://images.unsplash.com/profile-1509814723567-3d5d56e54ea0?ixlib=rb-0.3.5&q=80&fm=jpg&crop=faces&cs=tinysrgb&fit=crop&h=64&w=64&s=4d9f1c65306f41e482d56b5036b5106d","large":"https://images.unsplash.com/profile-1509814723567-3d5d56e54ea0?ixlib=rb-0.3.5&q=80&fm=jpg&crop=faces&cs=tinysrgb&fit=crop&h=128&w=128&s=4515c6ca69577299e11ee9ac91dd42d1"},"total_collections":1,"instagram_username":"oliver.visuals","total_likes":258,"total_photos":56},"urls":{"raw":"https://images.unsplash.com/photo-1522017818458-90fb33819842?ixlib=rb-0.3.5&ixid=eyJhcHBfaWQiOjIzNDAyfQ&s=3b29794152e5994d235f2ce5f28b1564","full":"https://images.unsplash.com/photo-1522017818458-90fb33819842?ixlib=rb-0.3.5&q=85&fm=jpg&crop=entropy&cs=srgb&ixid=eyJhcHBfaWQiOjIzNDAyfQ&s=7e5dd0b566c3b397abc284cf189a014d","regular":"https://images.unsplash.com/photo-1522017818458-90fb33819842?ixlib=rb-0.3.5&q=80&fm=jpg&crop=entropy&cs=tinysrgb&w=1080&fit=max&ixid=eyJhcHBfaWQiOjIzNDAyfQ&s=a73113a781d7b188ed6559ac5466fc03","small":"https://images.unsplash.com/photo-1522017818458-90fb33819842?ixlib=rb-0.3.5&q=80&fm=jpg&crop=entropy&cs=tinysrgb&w=400&fit=max&ixid=eyJhcHBfaWQiOjIzNDAyfQ&s=1e9929f9656ef0af5d2f8f3bf5c36bfb","thumb":"https://images.unsplash.com/photo-1522017818458-90fb33819842?ixlib=rb-0.3.5&q=80&fm=jpg&crop=entropy&cs=tinysrgb&w=200&fit=max&ixid=eyJhcHBfaWQiOjIzNDAyfQ&s=69c1839a65415d4eebe33523a37b0544"},"links":{"self":"https://api.unsplash.com/photos/h9tkO_JYg38","html":"https://unsplash.com/photos/h9tkO_JYg38","download":"https://unsplash.com/photos/h9tkO_JYg38/download","download_location":"https://api.unsplash.com/photos/h9tkO_JYg38/download"},"liked_by_user":false,"sponsored":false,"likes":13,"user":{"id":"TZs_V6UnJa4","updated_at":"2018-03-26T14:05:44-04:00","username":"oliver_visuals","name":"Easton Oliver","first_name":"Easton","last_name":"Oliver","twitter_username":"eastonolives","portfolio_url":"http://olivervisuals.co","bio":"Oklahoma-based photographer that desperately wants to not be Oklahoma-based.","location":"Oklahoma City","links":{"self":"https://api.unsplash.com/users/oliver_visuals","html":"https://unsplash.com/@oliver_visuals","photos":"https://api.unsplash.com/users/oliver_visuals/photos","likes":"https://api.unsplash.com/users/oliver_visuals/likes","portfolio":"https://api.unsplash.com/users/oliver_visuals/portfolio","following":"https://api.unsplash.com/users/oliver_visuals/following","followers":"https://api.unsplash.com/users/oliver_visuals/followers"},"profile_image":{"small":"https://images.unsplash.com/profile-1509814723567-3d5d56e54ea0?ixlib=rb-0.3.5&q=80&fm=jpg&crop=faces&cs=tinysrgb&fit=crop&h=32&w=32&s=c61b48eb93c963464872e405dc80d9ec","medium":"https://images.unsplash.com/profile-1509814723567-3d5d56e54ea0?ixlib=rb-0.3.5&q=80&fm=jpg&crop=faces&cs=tinysrgb&fit=crop&h=64&w=64&s=4d9f1c65306f41e482d56b5036b5106d","large":"https://images.unsplash.com/profile-1509814723567-3d5d56e54ea0?ixlib=rb-0.3.5&q=80&fm=jpg&crop=faces&cs=tinysrgb&fit=crop&h=128&w=128&s=4515c6ca69577299e11ee9ac91dd42d1"},"total_collections":1,"instagram_username":"oliver.visuals","total_likes":258,"total_photos":56},"current_user_collections":[]},{"id":"76nmyPlf3Y0","created_at":"2018-03-26T01:51:35-04:00","updated_at":"2018-03-26T04:20:51-04:00","width":3629,"height":4536,"color":"#211A19","description":null,"categories":[],"user":{"id":"cLRNjRZRpOs","updated_at":"2018-03-26T14:05:55-04:00","username":"justindkauffman","name":"Justin Kauffman","first_name":"Justin","last_name":"Kauffman","twitter_username":"jukauffman","portfolio_url":"http://instagram.com/justindkauffman","bio":"Travel Photographer X Cinematographer \r\n","location":"Whitefish, MT","links":{"self":"https://api.unsplash.com/users/justindkauffman","html":"https://unsplash.com/@justindkauffman","photos":"https://api.unsplash.com/users/justindkauffman/photos","likes":"https://api.unsplash.com/users/justindkauffman/likes","portfolio":"https://api.unsplash.com/users/justindkauffman/portfolio","following":"https://api.unsplash.com/users/justindkauffman/following","followers":"https://api.unsplash.com/users/justindkauffman/followers"},"profile_image":{"small":"https://images.unsplash.com/profile-1503157255641-0e24554e89e1?ixlib=rb-0.3.5&q=80&fm=jpg&crop=faces&cs=tinysrgb&fit=crop&h=32&w=32&s=286b3c617ecfaca0093ae2ef9f5a91b1","medium":"https://images.unsplash.com/profile-1503157255641-0e24554e89e1?ixlib=rb-0.3.5&q=80&fm=jpg&crop=faces&cs=tinysrgb&fit=crop&h=64&w=64&s=6f5d61dc9bbe19c80d838662bb68d53b","large":"https://images.unsplash.com/profile-1503157255641-0e24554e89e1?ixlib=rb-0.3.5&q=80&fm=jpg&crop=faces&cs=tinysrgb&fit=crop&h=128&w=128&s=8217ce644ceba99eeacddde821e3a506"},"total_collections":0,"instagram_username":"justindkauffman","total_likes":10,"total_photos":11},"urls":{"raw":"https://images.unsplash.com/photo-1522043436628-a4bd7867030b?ixlib=rb-0.3.5&ixid=eyJhcHBfaWQiOjIzNDAyfQ&s=134b0353eb072ff63c18db555e9be82d","full":"https://images.unsplash.com/photo-1522043436628-a4bd7867030b?ixlib=rb-0.3.5&q=85&fm=jpg&crop=entropy&cs=srgb&ixid=eyJhcHBfaWQiOjIzNDAyfQ&s=4ca6e88b2c4d027bb4c6c6e6cb76775b","regular":"https://images.unsplash.com/photo-1522043436628-a4bd7867030b?ixlib=rb-0.3.5&q=80&fm=jpg&crop=entropy&cs=tinysrgb&w=1080&fit=max&ixid=eyJhcHBfaWQiOjIzNDAyfQ&s=236715617a21de4e62c40788ec92db51","small":"https://images.unsplash.com/photo-1522043436628-a4bd7867030b?ixlib=rb-0.3.5&q=80&fm=jpg&crop=entropy&cs=tinysrgb&w=400&fit=max&ixid=eyJhcHBfaWQiOjIzNDAyfQ&s=415940d2548ecd2464a57fb57ae728b6","thumb":"https://images.unsplash.com/photo-1522043436628-a4bd7867030b?ixlib=rb-0.3.5&q=80&fm=jpg&crop=entropy&cs=tinysrgb&w=200&fit=max&ixid=eyJhcHBfaWQiOjIzNDAyfQ&s=af4d09c941cb5246450f52639f546c3c"},"links":{"self":"https://api.unsplash.com/photos/76nmyPlf3Y0","html":"https://unsplash.com/photos/76nmyPlf3Y0","download":"https://unsplash.com/photos/76nmyPlf3Y0/download","download_location":"https://api.unsplash.com/photos/76nmyPlf3Y0/download"},"liked_by_user":false,"sponsored":false,"likes":45,"user":{"id":"cLRNjRZRpOs","updated_at":"2018-03-26T14:05:55-04:00","username":"justindkauffman","name":"Justin Kauffman","first_name":"Justin","last_name":"Kauffman","twitter_username":"jukauffman","portfolio_url":"http://instagram.com/justindkauffman","bio":"Travel Photographer X Cinematographer \r\n","location":"Whitefish, MT","links":{"self":"https://api.unsplash.com/users/justindkauffman","html":"https://unsplash.com/@justindkauffman","photos":"https://api.unsplash.com/users/justindkauffman/photos","likes":"https://api.unsplash.com/users/justindkauffman/likes","portfolio":"https://api.unsplash.com/users/justindkauffman/portfolio","following":"https://api.unsplash.com/users/justindkauffman/following","followers":"https://api.unsplash.com/users/justindkauffman/followers"},"profile_image":{"small":"https://images.unsplash.com/profile-1503157255641-0e24554e89e1?ixlib=rb-0.3.5&q=80&fm=jpg&crop=faces&cs=tinysrgb&fit=crop&h=32&w=32&s=286b3c617ecfaca0093ae2ef9f5a91b1","medium":"https://images.unsplash.com/profile-1503157255641-0e24554e89e1?ixlib=rb-0.3.5&q=80&fm=jpg&crop=faces&cs=tinysrgb&fit=crop&h=64&w=64&s=6f5d61dc9bbe19c80d838662bb68d53b","large":"https://images.unsplash.com/profile-1503157255641-0e24554e89e1?ixlib=rb-0.3.5&q=80&fm=jpg&crop=faces&cs=tinysrgb&fit=crop&h=128&w=128&s=8217ce644ceba99eeacddde821e3a506"},"total_collections":0,"instagram_username":"justindkauffman","total_likes":10,"total_photos":11},"current_user_collections":[]},{"id":"JT58L8LnXsU","created_at":"2018-03-25T23:21:11-04:00","updated_at":"2018-03-26T04:20:30-04:00","width":3828,"height":2552,"color":"#0E2B38","description":null,"categories":[],"user":{"id":"AoAaMUVjBH0","updated_at":"2018-03-26T14:50:41-04:00","username":"heathermount","name":"Heather Mount","first_name":"Heather","last_name":"Mount","twitter_username":"heatherrmount","portfolio_url":"http://wanderingmounts.com","bio":null,"location":"Denton, TX","links":{"self":"https://api.unsplash.com/users/heathermount","html":"https://unsplash.com/@heathermount","photos":"https://api.unsplash.com/users/heathermount/photos","likes":"https://api.unsplash.com/users/heathermount/likes","portfolio":"https://api.unsplash.com/users/heathermount/portfolio","following":"https://api.unsplash.com/users/heathermount/following","followers":"https://api.unsplash.com/users/heathermount/followers"},"profile_image":{"small":"https://images.unsplash.com/profile-1522001278445-94bd70bbce00?ixlib=rb-0.3.5&q=80&fm=jpg&crop=faces&cs=tinysrgb&fit=crop&h=32&w=32&s=596e99e3d3f39d2cd8c37957d4759947","medium":"https://images.unsplash.com/profile-1522001278445-94bd70bbce00?ixlib=rb-0.3.5&q=80&fm=jpg&crop=faces&cs=tinysrgb&fit=crop&h=64&w=64&s=7ff53861862300f3a82d67ac2a29c992","large":"https://images.unsplash.com/profile-1522001278445-94bd70bbce00?ixlib=rb-0.3.5&q=80&fm=jpg&crop=faces&cs=tinysrgb&fit=crop&h=128&w=128&s=f2e9d060e33b9fce99305137b4f6b93f"},"total_collections":3,"instagram_username":"heathermount","total_likes":5,"total_photos":22},"urls":{"raw":"https://images.unsplash.com/photo-1522034348113-c4d7ee427ed8?ixlib=rb-0.3.5&ixid=eyJhcHBfaWQiOjIzNDAyfQ&s=9dc2345a960230b69fefead7e8f7b909","full":"https://images.unsplash.com/photo-1522034348113-c4d7ee427ed8?ixlib=rb-0.3.5&q=85&fm=jpg&crop=entropy&cs=srgb&ixid=eyJhcHBfaWQiOjIzNDAyfQ&s=abefdf36d7ad28a56237e7ddc81d11e4","regular":"https://images.unsplash.com/photo-1522034348113-c4d7ee427ed8?ixlib=rb-0.3.5&q=80&fm=jpg&crop=entropy&cs=tinysrgb&w=1080&fit=max&ixid=eyJhcHBfaWQiOjIzNDAyfQ&s=3e170f8057e3ee6b52e30f6b8e2ec560","small":"https://images.unsplash.com/photo-1522034348113-c4d7ee427ed8?ixlib=rb-0.3.5&q=80&fm=jpg&crop=entropy&cs=tinysrgb&w=400&fit=max&ixid=eyJhcHBfaWQiOjIzNDAyfQ&s=4601f742690759781cafdd8af756e070","thumb":"https://images.unsplash.com/photo-1522034348113-c4d7ee427ed8?ixlib=rb-0.3.5&q=80&fm=jpg&crop=entropy&cs=tinysrgb&w=200&fit=max&ixid=eyJhcHBfaWQiOjIzNDAyfQ&s=5902a25a0b8883d96d3767a6f349fd37"},"links":{"self":"https://api.unsplash.com/photos/JT58L8LnXsU","html":"https://unsplash.com/photos/JT58L8LnXsU","download":"https://unsplash.com/photos/JT58L8LnXsU/download","download_location":"https://api.unsplash.com/photos/JT58L8LnXsU/download"},"liked_by_user":false,"sponsored":false,"likes":22,"user":{"id":"AoAaMUVjBH0","updated_at":"2018-03-26T14:50:41-04:00","username":"heathermount","name":"Heather Mount","first_name":"Heather","last_name":"Mount","twitter_username":"heatherrmount","portfolio_url":"http://wanderingmounts.com","bio":null,"location":"Denton, TX","links":{"self":"https://api.unsplash.com/users/heathermount","html":"https://unsplash.com/@heathermount","photos":"https://api.unsplash.com/users/heathermount/photos","likes":"https://api.unsplash.com/users/heathermount/likes","portfolio":"https://api.unsplash.com/users/heathermount/portfolio","following":"https://api.unsplash.com/users/heathermount/following","followers":"https://api.unsplash.com/users/heathermount/followers"},"profile_image":{"small":"https://images.unsplash.com/profile-1522001278445-94bd70bbce00?ixlib=rb-0.3.5&q=80&fm=jpg&crop=faces&cs=tinysrgb&fit=crop&h=32&w=32&s=596e99e3d3f39d2cd8c37957d4759947","medium":"https://images.unsplash.com/profile-1522001278445-94bd70bbce00?ixlib=rb-0.3.5&q=80&fm=jpg&crop=faces&cs=tinysrgb&fit=crop&h=64&w=64&s=7ff53861862300f3a82d67ac2a29c992","large":"https://images.unsplash.com/profile-1522001278445-94bd70bbce00?ixlib=rb-0.3.5&q=80&fm=jpg&crop=faces&cs=tinysrgb&fit=crop&h=128&w=128&s=f2e9d060e33b9fce99305137b4f6b93f"},"total_collections":3,"instagram_username":"heathermount","total_likes":5,"total_photos":22},"current_user_collections":[]},{"id":"7IcTZbH7s7g","created_at":"2018-03-25T16:41:12-04:00","updated_at":"2018-03-26T04:20:23-04:00","width":5472,"height":3648,"color":"#100C0A","description":null,"categories":[],"user":{"id":"vISVsyltI4M","updated_at":"2018-03-26T15:03:17-04:00","username":"priscilladupreez","name":"Priscilla Du Preez","first_name":"Priscilla","last_name":"Du Preez","twitter_username":"AMPRSNDPHOTO","portfolio_url":"https://www.facebook.com/priscilladupreezphoto/","bio":"Wandering the planet in search of nice things. \r\nGod made everything beautiful in itself and in its time. - Ecclesiastes 3:11","location":"Three Hills, Alberta, Canada","links":{"self":"https://api.unsplash.com/users/priscilladupreez","html":"https://unsplash.com/@priscilladupreez","photos":"https://api.unsplash.com/users/priscilladupreez/photos","likes":"https://api.unsplash.com/users/priscilladupreez/likes","portfolio":"https://api.unsplash.com/users/priscilladupreez/portfolio","following":"https://api.unsplash.com/users/priscilladupreez/following","followers":"https://api.unsplash.com/users/priscilladupreez/followers"},"profile_image":{"small":"https://images.unsplash.com/profile-fb-1456966892-7a0660be4720.jpg?ixlib=rb-0.3.5&q=80&fm=jpg&crop=faces&cs=tinysrgb&fit=crop&h=32&w=32&s=7458dee59f32a70cfa57400f4a7961a5","medium":"https://images.unsplash.com/profile-fb-1456966892-7a0660be4720.jpg?ixlib=rb-0.3.5&q=80&fm=jpg&crop=faces&cs=tinysrgb&fit=crop&h=64&w=64&s=b70d3d771827e6a8bddd03e2a7c84e45","large":"https://images.unsplash.com/profile-fb-1456966892-7a0660be4720.jpg?ixlib=rb-0.3.5&q=80&fm=jpg&crop=faces&cs=tinysrgb&fit=crop&h=128&w=128&s=5921cf4ec4425f926d18610a245caadb"},"total_collections":6,"instagram_username":"artographybyp","total_likes":539,"total_photos":280},"urls":{"raw":"https://images.unsplash.com/photo-1522010405997-1b0d70605f78?ixlib=rb-0.3.5&ixid=eyJhcHBfaWQiOjIzNDAyfQ&s=357e0b41c22397d75305b633a0d23c66","full":"https://images.unsplash.com/photo-1522010405997-1b0d70605f78?ixlib=rb-0.3.5&q=85&fm=jpg&crop=entropy&cs=srgb&ixid=eyJhcHBfaWQiOjIzNDAyfQ&s=eca3b8f49af18d740995139dc791a36c","regular":"https://images.unsplash.com/photo-1522010405997-1b0d70605f78?ixlib=rb-0.3.5&q=80&fm=jpg&crop=entropy&cs=tinysrgb&w=1080&fit=max&ixid=eyJhcHBfaWQiOjIzNDAyfQ&s=f14c730db92df8591a080bae23ed7121","small":"https://images.unsplash.com/photo-1522010405997-1b0d70605f78?ixlib=rb-0.3.5&q=80&fm=jpg&crop=entropy&cs=tinysrgb&w=400&fit=max&ixid=eyJhcHBfaWQiOjIzNDAyfQ&s=23146bfb74ba5813ee438a637ea24624","thumb":"https://images.unsplash.com/photo-1522010405997-1b0d70605f78?ixlib=rb-0.3.5&q=80&fm=jpg&crop=entropy&cs=tinysrgb&w=200&fit=max&ixid=eyJhcHBfaWQiOjIzNDAyfQ&s=604a4547cc2b83ced0e32c7bfdefab0f"},"links":{"self":"https://api.unsplash.com/photos/7IcTZbH7s7g","html":"https://unsplash.com/photos/7IcTZbH7s7g","download":"https://unsplash.com/photos/7IcTZbH7s7g/download","download_location":"https://api.unsplash.com/photos/7IcTZbH7s7g/download"},"liked_by_user":false,"sponsored":false,"likes":11,"user":{"id":"vISVsyltI4M","updated_at":"2018-03-26T15:03:17-04:00","username":"priscilladupreez","name":"Priscilla Du Preez","first_name":"Priscilla","last_name":"Du Preez","twitter_username":"AMPRSNDPHOTO","portfolio_url":"https://www.facebook.com/priscilladupreezphoto/","bio":"Wandering the planet in search of nice things. \r\nGod made everything beautiful in itself and in its time. - Ecclesiastes 3:11","location":"Three Hills, Alberta, Canada","links":{"self":"https://api.unsplash.com/users/priscilladupreez","html":"https://unsplash.com/@priscilladupreez","photos":"https://api.unsplash.com/users/priscilladupreez/photos","likes":"https://api.unsplash.com/users/priscilladupreez/likes","portfolio":"https://api.unsplash.com/users/priscilladupreez/portfolio","following":"https://api.unsplash.com/users/priscilladupreez/following","followers":"https://api.unsplash.com/users/priscilladupreez/followers"},"profile_image":{"small":"https://images.unsplash.com/profile-fb-1456966892-7a0660be4720.jpg?ixlib=rb-0.3.5&q=80&fm=jpg&crop=faces&cs=tinysrgb&fit=crop&h=32&w=32&s=7458dee59f32a70cfa57400f4a7961a5","medium":"https://images.unsplash.com/profile-fb-1456966892-7a0660be4720.jpg?ixlib=rb-0.3.5&q=80&fm=jpg&crop=faces&cs=tinysrgb&fit=crop&h=64&w=64&s=b70d3d771827e6a8bddd03e2a7c84e45","large":"https://images.unsplash.com/profile-fb-1456966892-7a0660be4720.jpg?ixlib=rb-0.3.5&q=80&fm=jpg&crop=faces&cs=tinysrgb&fit=crop&h=128&w=128&s=5921cf4ec4425f926d18610a245caadb"},"total_collections":6,"instagram_username":"artographybyp","total_likes":539,"total_photos":280},"current_user_collections":[]},{"id":"y0um4teFrPk","created_at":"2018-03-25T21:34:55-04:00","updated_at":"2018-03-26T04:20:09-04:00","width":5792,"height":8688,"color":"#CEB7B5","description":null,"categories":[],"user":{"id":"Lml8hRY1kps","updated_at":"2018-03-26T14:06:13-04:00","username":"worldsbetweenlines","name":"Patrick Hendry","first_name":"Patrick","last_name":"Hendry","twitter_username":"LoveTheBicycle","portfolio_url":"http://www.patrickkylehendry.com","bio":"Nothing to prove, everything to learn. worldsbetweenlines@gmail.com – Instagram shot.with.canon & worldsbetweenlines","location":"Utah","links":{"self":"https://api.unsplash.com/users/worldsbetweenlines","html":"https://unsplash.com/@worldsbetweenlines","photos":"https://api.unsplash.com/users/worldsbetweenlines/photos","likes":"https://api.unsplash.com/users/worldsbetweenlines/likes","portfolio":"https://api.unsplash.com/users/worldsbetweenlines/portfolio","following":"https://api.unsplash.com/users/worldsbetweenlines/following","followers":"https://api.unsplash.com/users/worldsbetweenlines/followers"},"profile_image":{"small":"https://images.unsplash.com/profile-1519742063017-7c28f000e3d0?ixlib=rb-0.3.5&q=80&fm=jpg&crop=faces&cs=tinysrgb&fit=crop&h=32&w=32&s=c66d9726367205652574f5116c827032","medium":"https://images.unsplash.com/profile-1519742063017-7c28f000e3d0?ixlib=rb-0.3.5&q=80&fm=jpg&crop=faces&cs=tinysrgb&fit=crop&h=64&w=64&s=6d8abac478213e23a14caa8f544de04c","large":"https://images.unsplash.com/profile-1519742063017-7c28f000e3d0?ixlib=rb-0.3.5&q=80&fm=jpg&crop=faces&cs=tinysrgb&fit=crop&h=128&w=128&s=632e4b3f2f6592e57321ccd6a85f21ed"},"total_collections":12,"instagram_username":"shot.with.canon","total_likes":1725,"total_photos":600},"urls":{"raw":"https://images.unsplash.com/photo-1522028047837-d6823fc7a75e?ixlib=rb-0.3.5&ixid=eyJhcHBfaWQiOjIzNDAyfQ&s=fbca95d31077b1c3e19f3910571bfe54","full":"https://images.unsplash.com/photo-1522028047837-d6823fc7a75e?ixlib=rb-0.3.5&q=85&fm=jpg&crop=entropy&cs=srgb&ixid=eyJhcHBfaWQiOjIzNDAyfQ&s=9b01b85867d3fb9687a5205caf5ed766","regular":"https://images.unsplash.com/photo-1522028047837-d6823fc7a75e?ixlib=rb-0.3.5&q=80&fm=jpg&crop=entropy&cs=tinysrgb&w=1080&fit=max&ixid=eyJhcHBfaWQiOjIzNDAyfQ&s=d044cda4c8ecb0146536f04a9ea4d9d7","small":"https://images.unsplash.com/photo-1522028047837-d6823fc7a75e?ixlib=rb-0.3.5&q=80&fm=jpg&crop=entropy&cs=tinysrgb&w=400&fit=max&ixid=eyJhcHBfaWQiOjIzNDAyfQ&s=b1ef0d5c76e56bf62b4aa86d919b6125","thumb":"https://images.unsplash.com/photo-1522028047837-d6823fc7a75e?ixlib=rb-0.3.5&q=80&fm=jpg&crop=entropy&cs=tinysrgb&w=200&fit=max&ixid=eyJhcHBfaWQiOjIzNDAyfQ&s=4d6a899e71d94f89df46ef8292e3a876"},"links":{"self":"https://api.unsplash.com/photos/y0um4teFrPk","html":"https://unsplash.com/photos/y0um4teFrPk","download":"https://unsplash.com/photos/y0um4teFrPk/download","download_location":"https://api.unsplash.com/photos/y0um4teFrPk/download"},"liked_by_user":false,"sponsored":false,"likes":26,"user":{"id":"Lml8hRY1kps","updated_at":"2018-03-26T14:06:13-04:00","username":"worldsbetweenlines","name":"Patrick Hendry","first_name":"Patrick","last_name":"Hendry","twitter_username":"LoveTheBicycle","portfolio_url":"http://www.patrickkylehendry.com","bio":"Nothing to prove, everything to learn. worldsbetweenlines@gmail.com – Instagram shot.with.canon & worldsbetweenlines","location":"Utah","links":{"self":"https://api.unsplash.com/users/worldsbetweenlines","html":"https://unsplash.com/@worldsbetweenlines","photos":"https://api.unsplash.com/users/worldsbetweenlines/photos","likes":"https://api.unsplash.com/users/worldsbetweenlines/likes","portfolio":"https://api.unsplash.com/users/worldsbetweenlines/portfolio","following":"https://api.unsplash.com/users/worldsbetweenlines/following","followers":"https://api.unsplash.com/users/worldsbetweenlines/followers"},"profile_image":{"small":"https://images.unsplash.com/profile-1519742063017-7c28f000e3d0?ixlib=rb-0.3.5&q=80&fm=jpg&crop=faces&cs=tinysrgb&fit=crop&h=32&w=32&s=c66d9726367205652574f5116c827032","medium":"https://images.unsplash.com/profile-1519742063017-7c28f000e3d0?ixlib=rb-0.3.5&q=80&fm=jpg&crop=faces&cs=tinysrgb&fit=crop&h=64&w=64&s=6d8abac478213e23a14caa8f544de04c","large":"https://images.unsplash.com/profile-1519742063017-7c28f000e3d0?ixlib=rb-0.3.5&q=80&fm=jpg&crop=faces&cs=tinysrgb&fit=crop&h=128&w=128&s=632e4b3f2f6592e57321ccd6a85f21ed"},"total_collections":12,"instagram_username":"shot.with.canon","total_likes":1725,"total_photos":600},"current_user_collections":[]},{"id":"41r5eEX5LPs","created_at":"2018-03-25T15:33:09-04:00","updated_at":"2018-03-26T04:19:45-04:00","width":3437,"height":5156,"color":"#091819","description":null,"categories":[],"user":{"id":"-ne6m-L6lDs","updated_at":"2018-03-26T15:01:07-04:00","username":"karishea","name":"Kari Shea","first_name":"Kari","last_name":"Shea","twitter_username":"karishea","portfolio_url":"https://www.karisheacreative.com/","bio":"Graphic Designer  |  Photographer  |  Instagram: KariShea","location":"Grand Rapids, MI","links":{"self":"https://api.unsplash.com/users/karishea","html":"https://unsplash.com/@karishea","photos":"https://api.unsplash.com/users/karishea/photos","likes":"https://api.unsplash.com/users/karishea/likes","portfolio":"https://api.unsplash.com/users/karishea/portfolio","following":"https://api.unsplash.com/users/karishea/following","followers":"https://api.unsplash.com/users/karishea/followers"},"profile_image":{"small":"https://images.unsplash.com/profile-1521508737142-2544af96a56f?ixlib=rb-0.3.5&q=80&fm=jpg&crop=faces&cs=tinysrgb&fit=crop&h=32&w=32&s=baff1112eb1b95f994aa24e29d72454f","medium":"https://images.unsplash.com/profile-1521508737142-2544af96a56f?ixlib=rb-0.3.5&q=80&fm=jpg&crop=faces&cs=tinysrgb&fit=crop&h=64&w=64&s=d65475943243a8e3ff1c1e33c0fb0108","large":"https://images.unsplash.com/profile-1521508737142-2544af96a56f?ixlib=rb-0.3.5&q=80&fm=jpg&crop=faces&cs=tinysrgb&fit=crop&h=128&w=128&s=6a54ce67c619acd832245539eaa232de"},"total_collections":20,"instagram_username":"karishea","total_likes":300,"total_photos":62},"urls":{"raw":"https://images.unsplash.com/photo-1522006328154-6a64325428eb?ixlib=rb-0.3.5&ixid=eyJhcHBfaWQiOjIzNDAyfQ&s=362a5bc855e5a2e3960a2ed5d930da6f","full":"https://images.unsplash.com/photo-1522006328154-6a64325428eb?ixlib=rb-0.3.5&q=85&fm=jpg&crop=entropy&cs=srgb&ixid=eyJhcHBfaWQiOjIzNDAyfQ&s=55d770cf7e7ffd1b3924bb5241b4290d","regular":"https://images.unsplash.com/photo-1522006328154-6a64325428eb?ixlib=rb-0.3.5&q=80&fm=jpg&crop=entropy&cs=tinysrgb&w=1080&fit=max&ixid=eyJhcHBfaWQiOjIzNDAyfQ&s=302e57f80f627d843db359d430eaf0b0","small":"https://images.unsplash.com/photo-1522006328154-6a64325428eb?ixlib=rb-0.3.5&q=80&fm=jpg&crop=entropy&cs=tinysrgb&w=400&fit=max&ixid=eyJhcHBfaWQiOjIzNDAyfQ&s=25e919cfd06e6f371c87d6fd20ab4d83","thumb":"https://images.unsplash.com/photo-1522006328154-6a64325428eb?ixlib=rb-0.3.5&q=80&fm=jpg&crop=entropy&cs=tinysrgb&w=200&fit=max&ixid=eyJhcHBfaWQiOjIzNDAyfQ&s=761688ef0b6dc9c00c6231630d8a81cf"},"links":{"self":"https://api.unsplash.com/photos/41r5eEX5LPs","html":"https://unsplash.com/photos/41r5eEX5LPs","download":"https://unsplash.com/photos/41r5eEX5LPs/download","download_location":"https://api.unsplash.com/photos/41r5eEX5LPs/download"},"liked_by_user":false,"sponsored":false,"likes":14,"user":{"id":"-ne6m-L6lDs","updated_at":"2018-03-26T15:01:07-04:00","username":"karishea","name":"Kari Shea","first_name":"Kari","last_name":"Shea","twitter_username":"karishea","portfolio_url":"https://www.karisheacreative.com/","bio":"Graphic Designer  |  Photographer  |  Instagram: KariShea","location":"Grand Rapids, MI","links":{"self":"https://api.unsplash.com/users/karishea","html":"https://unsplash.com/@karishea","photos":"https://api.unsplash.com/users/karishea/photos","likes":"https://api.unsplash.com/users/karishea/likes","portfolio":"https://api.unsplash.com/users/karishea/portfolio","following":"https://api.unsplash.com/users/karishea/following","followers":"https://api.unsplash.com/users/karishea/followers"},"profile_image":{"small":"https://images.unsplash.com/profile-1521508737142-2544af96a56f?ixlib=rb-0.3.5&q=80&fm=jpg&crop=faces&cs=tinysrgb&fit=crop&h=32&w=32&s=baff1112eb1b95f994aa24e29d72454f","medium":"https://images.unsplash.com/profile-1521508737142-2544af96a56f?ixlib=rb-0.3.5&q=80&fm=jpg&crop=faces&cs=tinysrgb&fit=crop&h=64&w=64&s=d65475943243a8e3ff1c1e33c0fb0108","large":"https://images.unsplash.com/profile-1521508737142-2544af96a56f?ixlib=rb-0.3.5&q=80&fm=jpg&crop=faces&cs=tinysrgb&fit=crop&h=128&w=128&s=6a54ce67c619acd832245539eaa232de"},"total_collections":20,"instagram_username":"karishea","total_likes":300,"total_photos":62},"current_user_collections":[]},{"id":"qPzrwKHwp0A","created_at":"2018-03-25T19:32:49-04:00","updated_at":"2018-03-26T04:19:21-04:00","width":5926,"height":3951,"color":"#ECF2F5","description":null,"categories":[],"user":{"id":"eLt8uZ1mghI","updated_at":"2018-03-26T15:05:46-04:00","username":"dr_snap","name":"Yoal Desurmont","first_name":"Yoal","last_name":"Desurmont","twitter_username":null,"portfolio_url":"https://yoaldes.wixsite.com/yoaldesurmont","bio":"Hi ! I'm a Belgian 🇧🇪 Outdoor | Portrait | Streetlife photographer & videographer |🌎 Exploring the globe | 🚩Based in Wellington, NZ | 📸 I own all the pics","location":"Belgium","links":{"self":"https://api.unsplash.com/users/dr_snap","html":"https://unsplash.com/@dr_snap","photos":"https://api.unsplash.com/users/dr_snap/photos","likes":"https://api.unsplash.com/users/dr_snap/likes","portfolio":"https://api.unsplash.com/users/dr_snap/portfolio","following":"https://api.unsplash.com/users/dr_snap/following","followers":"https://api.unsplash.com/users/dr_snap/followers"},"profile_image":{"small":"https://images.unsplash.com/profile-1521958707017-e34fe28c9366?ixlib=rb-0.3.5&q=80&fm=jpg&crop=faces&cs=tinysrgb&fit=crop&h=32&w=32&s=d47f27d36e475796848131116ea9b245","medium":"https://images.unsplash.com/profile-1521958707017-e34fe28c9366?ixlib=rb-0.3.5&q=80&fm=jpg&crop=faces&cs=tinysrgb&fit=crop&h=64&w=64&s=b4a310d94adf08663a730395195a2177","large":"https://images.unsplash.com/profile-1521958707017-e34fe28c9366?ixlib=rb-0.3.5&q=80&fm=jpg&crop=faces&cs=tinysrgb&fit=crop&h=128&w=128&s=37797b028b391f155a3ba9139ecafe7b"},"total_collections":1,"instagram_username":"yoal_des","total_likes":928,"total_photos":112},"urls":{"raw":"https://images.unsplash.com/photo-1522020478037-96d5591d0782?ixlib=rb-0.3.5&ixid=eyJhcHBfaWQiOjIzNDAyfQ&s=385ffc956bbfda39f1fc58c207defa09","full":"https://images.unsplash.com/photo-1522020478037-96d5591d0782?ixlib=rb-0.3.5&q=85&fm=jpg&crop=entropy&cs=srgb&ixid=eyJhcHBfaWQiOjIzNDAyfQ&s=7bb121b22f13fe6406ca77b3d39bbd21","regular":"https://images.unsplash.com/photo-1522020478037-96d5591d0782?ixlib=rb-0.3.5&q=80&fm=jpg&crop=entropy&cs=tinysrgb&w=1080&fit=max&ixid=eyJhcHBfaWQiOjIzNDAyfQ&s=93b775d0bf737421aae29752fb05d8af","small":"https://images.unsplash.com/photo-1522020478037-96d5591d0782?ixlib=rb-0.3.5&q=80&fm=jpg&crop=entropy&cs=tinysrgb&w=400&fit=max&ixid=eyJhcHBfaWQiOjIzNDAyfQ&s=d89a3eb2a712c64424df1b0e4a75e1ca","thumb":"https://images.unsplash.com/photo-1522020478037-96d5591d0782?ixlib=rb-0.3.5&q=80&fm=jpg&crop=entropy&cs=tinysrgb&w=200&fit=max&ixid=eyJhcHBfaWQiOjIzNDAyfQ&s=317676e3053b5b6f6a56f885c11045e4"},"links":{"self":"https://api.unsplash.com/photos/qPzrwKHwp0A","html":"https://unsplash.com/photos/qPzrwKHwp0A","download":"https://unsplash.com/photos/qPzrwKHwp0A/download","download_location":"https://api.unsplash.com/photos/qPzrwKHwp0A/download"},"liked_by_user":false,"sponsored":false,"likes":49,"user":{"id":"eLt8uZ1mghI","updated_at":"2018-03-26T15:05:46-04:00","username":"dr_snap","name":"Yoal Desurmont","first_name":"Yoal","last_name":"Desurmont","twitter_username":null,"portfolio_url":"https://yoaldes.wixsite.com/yoaldesurmont","bio":"Hi ! I'm a Belgian 🇧🇪 Outdoor | Portrait | Streetlife photographer & videographer |🌎 Exploring the globe | 🚩Based in Wellington, NZ | 📸 I own all the pics","location":"Belgium","links":{"self":"https://api.unsplash.com/users/dr_snap","html":"https://unsplash.com/@dr_snap","photos":"https://api.unsplash.com/users/dr_snap/photos","likes":"https://api.unsplash.com/users/dr_snap/likes","portfolio":"https://api.unsplash.com/users/dr_snap/portfolio","following":"https://api.unsplash.com/users/dr_snap/following","followers":"https://api.unsplash.com/users/dr_snap/followers"},"profile_image":{"small":"https://images.unsplash.com/profile-1521958707017-e34fe28c9366?ixlib=rb-0.3.5&q=80&fm=jpg&crop=faces&cs=tinysrgb&fit=crop&h=32&w=32&s=d47f27d36e475796848131116ea9b245","medium":"https://images.unsplash.com/profile-1521958707017-e34fe28c9366?ixlib=rb-0.3.5&q=80&fm=jpg&crop=faces&cs=tinysrgb&fit=crop&h=64&w=64&s=b4a310d94adf08663a730395195a2177","large":"https://images.unsplash.com/profile-1521958707017-e34fe28c9366?ixlib=rb-0.3.5&q=80&fm=jpg&crop=faces&cs=tinysrgb&fit=crop&h=128&w=128&s=37797b028b391f155a3ba9139ecafe7b"},"total_collections":1,"instagram_username":"yoal_des","total_likes":928,"total_photos":112},"current_user_collections":[]},{"id":"1WBtk8m-Xxs","created_at":"2018-03-26T03:13:26-04:00","updated_at":"2018-03-26T04:18:59-04:00","width":3719,"height":5569,"color":"#F2A74E","description":null,"categories":[],"user":{"id":"rQwZjX1IiXA","updated_at":"2018-03-26T14:06:24-04:00","username":"christianfregnan","name":"Christian Fregnan","first_name":"Christian","last_name":"Fregnan","twitter_username":"chrfrg","portfolio_url":"http://www.christianfregnan.com","bio":"Italian artist freelance based in Netherlands. On Instagram @christianfregnan","location":"Amsterdam","links":{"self":"https://api.unsplash.com/users/christianfregnan","html":"https://unsplash.com/@christianfregnan","photos":"https://api.unsplash.com/users/christianfregnan/photos","likes":"https://api.unsplash.com/users/christianfregnan/likes","portfolio":"https://api.unsplash.com/users/christianfregnan/portfolio","following":"https://api.unsplash.com/users/christianfregnan/following","followers":"https://api.unsplash.com/users/christianfregnan/followers"},"profile_image":{"small":"https://images.unsplash.com/profile-1498167020749-6c0b5cd5c33d?ixlib=rb-0.3.5&q=80&fm=jpg&crop=faces&cs=tinysrgb&fit=crop&h=32&w=32&s=56bd545d86f3ae88e46f047c6dbb1525","medium":"https://images.unsplash.com/profile-1498167020749-6c0b5cd5c33d?ixlib=rb-0.3.5&q=80&fm=jpg&crop=faces&cs=tinysrgb&fit=crop&h=64&w=64&s=297b94f23cabea3a8f74379e566c3d3e","large":"https://images.unsplash.com/profile-1498167020749-6c0b5cd5c33d?ixlib=rb-0.3.5&q=80&fm=jpg&crop=faces&cs=tinysrgb&fit=crop&h=128&w=128&s=21fa42b1c9c324b7015be904758285d3"},"total_collections":2,"instagram_username":"christianfregnan","total_likes":198,"total_photos":105},"urls":{"raw":"https://images.unsplash.com/photo-1522048318767-4ab69deadb88?ixlib=rb-0.3.5&ixid=eyJhcHBfaWQiOjIzNDAyfQ&s=60df7f5fec921c9c951e3ff4bb360d49","full":"https://images.unsplash.com/photo-1522048318767-4ab69deadb88?ixlib=rb-0.3.5&q=85&fm=jpg&crop=entropy&cs=srgb&ixid=eyJhcHBfaWQiOjIzNDAyfQ&s=2708dc59a1808fd5520dbab57a044438","regular":"https://images.unsplash.com/photo-1522048318767-4ab69deadb88?ixlib=rb-0.3.5&q=80&fm=jpg&crop=entropy&cs=tinysrgb&w=1080&fit=max&ixid=eyJhcHBfaWQiOjIzNDAyfQ&s=16e4785fb1f796c90e3da1a4934e755b","small":"https://images.unsplash.com/photo-1522048318767-4ab69deadb88?ixlib=rb-0.3.5&q=80&fm=jpg&crop=entropy&cs=tinysrgb&w=400&fit=max&ixid=eyJhcHBfaWQiOjIzNDAyfQ&s=8e648e39534feec7599cf9acee9a857c","thumb":"https://images.unsplash.com/photo-1522048318767-4ab69deadb88?ixlib=rb-0.3.5&q=80&fm=jpg&crop=entropy&cs=tinysrgb&w=200&fit=max&ixid=eyJhcHBfaWQiOjIzNDAyfQ&s=f47dfa298765a2cd7373ff31cc708fdb"},"links":{"self":"https://api.unsplash.com/photos/1WBtk8m-Xxs","html":"https://unsplash.com/photos/1WBtk8m-Xxs","download":"https://unsplash.com/photos/1WBtk8m-Xxs/download","download_location":"https://api.unsplash.com/photos/1WBtk8m-Xxs/download"},"liked_by_user":false,"sponsored":false,"likes":28,"user":{"id":"rQwZjX1IiXA","updated_at":"2018-03-26T14:06:24-04:00","username":"christianfregnan","name":"Christian Fregnan","first_name":"Christian","last_name":"Fregnan","twitter_username":"chrfrg","portfolio_url":"http://www.christianfregnan.com","bio":"Italian artist freelance based in Netherlands. On Instagram @christianfregnan","location":"Amsterdam","links":{"self":"https://api.unsplash.com/users/christianfregnan","html":"https://unsplash.com/@christianfregnan","photos":"https://api.unsplash.com/users/christianfregnan/photos","likes":"https://api.unsplash.com/users/christianfregnan/likes","portfolio":"https://api.unsplash.com/users/christianfregnan/portfolio","following":"https://api.unsplash.com/users/christianfregnan/following","followers":"https://api.unsplash.com/users/christianfregnan/followers"},"profile_image":{"small":"https://images.unsplash.com/profile-1498167020749-6c0b5cd5c33d?ixlib=rb-0.3.5&q=80&fm=jpg&crop=faces&cs=tinysrgb&fit=crop&h=32&w=32&s=56bd545d86f3ae88e46f047c6dbb1525","medium":"https://images.unsplash.com/profile-1498167020749-6c0b5cd5c33d?ixlib=rb-0.3.5&q=80&fm=jpg&crop=faces&cs=tinysrgb&fit=crop&h=64&w=64&s=297b94f23cabea3a8f74379e566c3d3e","large":"https://images.unsplash.com/profile-1498167020749-6c0b5cd5c33d?ixlib=rb-0.3.5&q=80&fm=jpg&crop=faces&cs=tinysrgb&fit=crop&h=128&w=128&s=21fa42b1c9c324b7015be904758285d3"},"total_collections":2,"instagram_username":"christianfregnan","total_likes":198,"total_photos":105},"current_user_collections":[]}]