[
    {
        "id": "37680",
        "title": "Suits",
        "subtitle": "S4 E23 • TV-MA",
        "backgroundImageUrl": "https://image.tmdb.org/t/p/w780/7gRvLvHH78YAdchOghNpH2EysJ2.jpg",
        "progress": 0.7824856440907071
    },
    {
        "id": "363088",
        "title": "Ant-Man and the Wasp",
        "subtitle": "TV-G",
        "backgroundImageUrl": "https://image.tmdb.org/t/p/w780/6P3c80EOm7BodndGBUAJHHsHKrp.jpg",
        "progress": 0.6613873235070278
    },
    {
        "id": "1396",
        "title": "Breaking Bad",
        "subtitle": "S1 E7 • TV-Y7",
        "backgroundImageUrl": "https://image.tmdb.org/t/p/w780/eSzpy96DwBujGFj0xMbXBcGcfxX.jpg",
        "progress": 0.7072188572539386
    },
    {
        "id": "1622",
        "title": "Supernatural",
        "subtitle": "S5 E5 • TV-MA",
        "backgroundImageUrl": "https://image.tmdb.org/t/p/w780/koMUCyGWNtH5LXYbGqjsUwvgtsT.jpg",
        "progress": 0.3863495786243605
    },
    {
        "id": "1402",
        "title": "The Walking Dead",
        "subtitle": "S3 E2 • TV-14",
        "backgroundImageUrl": "https://image.tmdb.org/t/p/w780/xVzvD5BPAU4HpleFSo8QOdHkndo.jpg",
        "progress": 0.888031016770096
    },
    {
        "id": "333339",
        "title": "Ready Player One",
        "subtitle": "TV-Y",
        "backgroundImageUrl": "https://image.tmdb.org/t/p/w780/5a7lMDn3nAj2ByO0X1fg6BhUphR.jpg",
        "progress": 0.010662187415241275
    },
    {
        "id": "345940",
        "title": "The Meg",
        "subtitle": "TV-PG",
        "backgroundImageUrl": "https://image.tmdb.org/t/p/w780/rH79sB6Nkx4cMW3JzsUy7wK0rhX.jpg",
        "progress": 0.9493209681190986
    },
    {
        "id": "284054",
        "title": "Black Panther",
        "subtitle": "TV-14",
        "backgroundImageUrl": "https://image.tmdb.org/t/p/w780/b6ZJZHUdMEFECvGiDpJjlfUWela.jpg",
        "progress": 0.7127707412746522
    },
    {
        "id": "299536",
        "title": "Avengers: Infinity War",
        "subtitle": "TV-G",
        "backgroundImageUrl": "https://image.tmdb.org/t/p/w780/bOGkgRGdhrBYJSLpXaxhXVstddV.jpg",
        "progress": 0.8777899496753767
    },
    {
        "id": "60735",
        "title": "The Flash",
        "subtitle": "S2 E22 • TV-14",
        "backgroundImageUrl": "https://image.tmdb.org/t/p/w780/mmxxEpTqVdwBlu5Pii7tbedBkPC.jpg",
        "progress": 0.6301538849998725
    },
    {
        "id": "466282",
        "title": "To All the Boys I've Loved Before",
        "subtitle": "TV-14",
        "backgroundImageUrl": "https://image.tmdb.org/t/p/w780/hBHxBOGQBTMX3bDmqKoAgniZ9hE.jpg",
        "progress": 0.9642530835105398
    },
    {
        "id": "60802",
        "title": "The Last Ship",
        "subtitle": "S4 E19 • TV-PG",
        "backgroundImageUrl": "https://image.tmdb.org/t/p/w780/20txnfxxmpvqOdDqIiy2hO06qqG.jpg",
        "progress": 0.08618387299639707
    },
    {
        "id": "1416",
        "title": "Grey's Anatomy",
        "subtitle": "S4 E0 • TV-Y7",
        "backgroundImageUrl": "https://image.tmdb.org/t/p/w780/y6JABtgWMVYPx84Rvy7tROU5aNH.jpg",
        "progress": 0.512786058950419
    },
    {
        "id": "1668",
        "title": "Friends",
        "subtitle": "S5 E15 • TV-14",
        "backgroundImageUrl": "https://image.tmdb.org/t/p/w780/efiX8iir6GEBWCD0uCFIi5NAyYA.jpg",
        "progress": 0.27724182353381943
    },
    {
        "id": "62127",
        "title": "Marvel's Iron Fist",
        "subtitle": "S4 E3 • TV-14",
        "backgroundImageUrl": "https://image.tmdb.org/t/p/w780/xHCfWGlxwbtMeeOnTvxUCZRGnkk.jpg",
        "progress": 0.0798118736112674
    },
    {
        "id": "454983",
        "title": "The Kissing Booth",
        "subtitle": "TV-Y",
        "backgroundImageUrl": "https://image.tmdb.org/t/p/w780/xEKx7zPEjN6meomZ7OhV82Mm2jm.jpg",
        "progress": 0.6889368598058778
    },
    {
        "id": "135870",
        "title": "Rebel",
        "subtitle": "TV-PG",
        "backgroundImageUrl": "https://image.tmdb.org/t/p/w780/yCGEkEqy7uOo7NwlbgOzGrI8i43.jpg",
        "progress": 0.12698939577071888
    },
    {
        "id": "447200",
        "title": "Skyscraper",
        "subtitle": "TV-Y",
        "backgroundImageUrl": "https://image.tmdb.org/t/p/w780/oMKFQmoVgB69fyXfSMu0lGlHJP2.jpg",
        "progress": 0.8858843861773948
    },
    {
        "id": "72613",
        "title": "Cathedral of the Sea",
        "subtitle": "S4 E16 • TV-14",
        "backgroundImageUrl": "https://image.tmdb.org/t/p/w780/7sLYgiYoFB1h7kdnf0Z0kfwXe22.jpg",
        "progress": 0.22397790748479562
    },
    {
        "id": "353081",
        "title": "Mission: Impossible - Fallout",
        "subtitle": "TV-PG",
        "backgroundImageUrl": "https://image.tmdb.org/t/p/w780/5qxePyMYDisLe8rJiBYX8HKEyv2.jpg",
        "progress": 0.9157878765020593
    }
]