{"v":"5.6.3","fr":60,"ip":0,"op":180,"w":1500,"h":1500,"nm":"launch_lottie","ddd":0,"assets":[{"id":"comp_0","layers":[{"ddd":0,"ind":1,"ty":4,"nm":"Shape Layer 9","sr":1,"ks":{"o":{"a":0,"k":100,"ix":11},"r":{"a":0,"k":0,"ix":10},"p":{"a":0,"k":[617.312,937.812,0],"ix":2},"a":{"a":0,"k":[-338.188,103.812,0],"ix":1},"s":{"a":1,"k":[{"i":{"x":[0.833,0.833,0.833],"y":[0.833,0.833,0.833]},"o":{"x":[0.167,0.167,0.167],"y":[0.167,0.167,0.167]},"t":0,"s":[0,0,100]},{"i":{"x":[0.833,0.833,0.833],"y":[0.833,0.833,0.833]},"o":{"x":[0.167,0.167,0.167],"y":[0.167,0.167,0.167]},"t":7,"s":[100,100,100]},{"i":{"x":[0.833,0.833,0.833],"y":[0.833,0.833,0.833]},"o":{"x":[0.167,0.167,0.167],"y":[0.167,0.167,0.167]},"t":19,"s":[184,184,100]},{"t":63,"s":[0,0,100]}],"ix":6}},"ao":0,"shapes":[{"ty":"gr","it":[{"d":1,"ty":"el","s":{"a":0,"k":[111.625,111.625],"ix":2},"p":{"a":0,"k":[0,0],"ix":3},"nm":"Ellipse Path 1","mn":"ADBE Vector Shape - Ellipse","hd":false},{"ty":"fl","c":{"a":0,"k":[0.909803921569,0.929411764706,0.972549019608,1],"ix":4},"o":{"a":0,"k":100,"ix":5},"r":1,"bm":0,"nm":"Fill 1","mn":"ADBE Vector Graphic - Fill","hd":false},{"ty":"tr","p":{"a":0,"k":[-338.188,103.812],"ix":2},"a":{"a":0,"k":[0,0],"ix":1},"s":{"a":0,"k":[100,100],"ix":3},"r":{"a":0,"k":0,"ix":6},"o":{"a":0,"k":100,"ix":7},"sk":{"a":0,"k":0,"ix":4},"sa":{"a":0,"k":0,"ix":5},"nm":"Transform"}],"nm":"Ellipse 1","np":4,"cix":2,"bm":0,"ix":1,"mn":"ADBE Vector Group","hd":false}],"ip":0,"op":180,"st":0,"bm":0},{"ddd":0,"ind":2,"ty":4,"nm":"Shape Layer 8","sr":1,"ks":{"o":{"a":0,"k":100,"ix":11},"r":{"a":0,"k":0,"ix":10},"p":{"a":0,"k":[617.312,937.812,0],"ix":2},"a":{"a":0,"k":[-338.188,103.812,0],"ix":1},"s":{"a":1,"k":[{"i":{"x":[0.833,0.833,0.833],"y":[0.833,0.833,0.833]},"o":{"x":[0.167,0.167,0.167],"y":[0.167,0.167,0.167]},"t":0,"s":[0,0,100]},{"i":{"x":[0.833,0.833,0.833],"y":[0.833,0.833,0.833]},"o":{"x":[0.167,0.167,0.167],"y":[0.167,0.167,0.167]},"t":7,"s":[135,135,100]},{"t":63,"s":[0,0,100]}],"ix":6}},"ao":0,"shapes":[{"ty":"gr","it":[{"d":1,"ty":"el","s":{"a":0,"k":[111.625,111.625],"ix":2},"p":{"a":0,"k":[0,0],"ix":3},"nm":"Ellipse Path 1","mn":"ADBE Vector Shape - Ellipse","hd":false},{"ty":"fl","c":{"a":0,"k":[0.909803921569,0.929411764706,0.972549019608,1],"ix":4},"o":{"a":0,"k":100,"ix":5},"r":1,"bm":0,"nm":"Fill 1","mn":"ADBE Vector Graphic - Fill","hd":false},{"ty":"tr","p":{"a":0,"k":[-338.188,103.812],"ix":2},"a":{"a":0,"k":[0,0],"ix":1},"s":{"a":0,"k":[100,100],"ix":3},"r":{"a":0,"k":0,"ix":6},"o":{"a":0,"k":100,"ix":7},"sk":{"a":0,"k":0,"ix":4},"sa":{"a":0,"k":0,"ix":5},"nm":"Transform"}],"nm":"Ellipse 1","np":3,"cix":2,"bm":0,"ix":1,"mn":"ADBE Vector Group","hd":false}],"ip":0,"op":180,"st":0,"bm":0},{"ddd":0,"ind":3,"ty":4,"nm":"Shape Layer 7","sr":1,"ks":{"o":{"a":0,"k":100,"ix":11},"r":{"a":0,"k":0,"ix":10},"p":{"a":0,"k":[697.312,956.312,0],"ix":2},"a":{"a":0,"k":[-338.188,103.812,0],"ix":1},"s":{"a":1,"k":[{"i":{"x":[0.833,0.833,0.833],"y":[0.833,0.833,0.833]},"o":{"x":[0.167,0.167,0.167],"y":[0.167,0.167,0.167]},"t":0,"s":[0,0,100]},{"i":{"x":[0.833,0.833,0.833],"y":[0.833,0.833,0.833]},"o":{"x":[0.167,0.167,0.167],"y":[0.167,0.167,0.167]},"t":7,"s":[129,129,100]},{"i":{"x":[0.833,0.833,0.833],"y":[0.833,0.833,0.833]},"o":{"x":[0.167,0.167,0.167],"y":[0.167,0.167,0.167]},"t":27,"s":[241,241,100]},{"t":63,"s":[0,0,100]}],"ix":6}},"ao":0,"shapes":[{"ty":"gr","it":[{"d":1,"ty":"el","s":{"a":0,"k":[111.625,111.625],"ix":2},"p":{"a":0,"k":[0,0],"ix":3},"nm":"Ellipse Path 1","mn":"ADBE Vector Shape - Ellipse","hd":false},{"ty":"fl","c":{"a":0,"k":[0.909803921569,0.929411764706,0.972549019608,1],"ix":4},"o":{"a":0,"k":100,"ix":5},"r":1,"bm":0,"nm":"Fill 1","mn":"ADBE Vector Graphic - Fill","hd":false},{"ty":"tr","p":{"a":0,"k":[-338.188,103.812],"ix":2},"a":{"a":0,"k":[0,0],"ix":1},"s":{"a":0,"k":[100,100],"ix":3},"r":{"a":0,"k":0,"ix":6},"o":{"a":0,"k":100,"ix":7},"sk":{"a":0,"k":0,"ix":4},"sa":{"a":0,"k":0,"ix":5},"nm":"Transform"}],"nm":"Ellipse 1","np":4,"cix":2,"bm":0,"ix":1,"mn":"ADBE Vector Group","hd":false}],"ip":0,"op":180,"st":0,"bm":0},{"ddd":0,"ind":4,"ty":4,"nm":"Shape Layer 6","sr":1,"ks":{"o":{"a":0,"k":100,"ix":11},"r":{"a":0,"k":0,"ix":10},"p":{"a":0,"k":[677.312,943.312,0],"ix":2},"a":{"a":0,"k":[-338.188,103.812,0],"ix":1},"s":{"a":1,"k":[{"i":{"x":[0.833,0.833,0.833],"y":[0.833,0.833,0.833]},"o":{"x":[0.167,0.167,0.167],"y":[0.167,0.167,0.167]},"t":0,"s":[0,0,100]},{"i":{"x":[0.833,0.833,0.833],"y":[0.833,0.833,0.833]},"o":{"x":[0.167,0.167,0.167],"y":[0.167,0.167,0.167]},"t":7,"s":[83,83,100]},{"t":63,"s":[0,0,100]}],"ix":6}},"ao":0,"shapes":[{"ty":"gr","it":[{"d":1,"ty":"el","s":{"a":0,"k":[111.625,111.625],"ix":2},"p":{"a":0,"k":[0,0],"ix":3},"nm":"Ellipse Path 1","mn":"ADBE Vector Shape - Ellipse","hd":false},{"ty":"fl","c":{"a":0,"k":[0.909803921569,0.929411764706,0.972549019608,1],"ix":4},"o":{"a":0,"k":100,"ix":5},"r":1,"bm":0,"nm":"Fill 1","mn":"ADBE Vector Graphic - Fill","hd":false},{"ty":"tr","p":{"a":0,"k":[-338.188,103.812],"ix":2},"a":{"a":0,"k":[0,0],"ix":1},"s":{"a":0,"k":[100,100],"ix":3},"r":{"a":0,"k":0,"ix":6},"o":{"a":0,"k":100,"ix":7},"sk":{"a":0,"k":0,"ix":4},"sa":{"a":0,"k":0,"ix":5},"nm":"Transform"}],"nm":"Ellipse 1","np":3,"cix":2,"bm":0,"ix":1,"mn":"ADBE Vector Group","hd":false}],"ip":0,"op":180,"st":0,"bm":0},{"ddd":0,"ind":5,"ty":4,"nm":"Shape Layer 5","sr":1,"ks":{"o":{"a":0,"k":100,"ix":11},"r":{"a":0,"k":0,"ix":10},"p":{"a":0,"k":[668.812,982.812,0],"ix":2},"a":{"a":0,"k":[-338.188,103.812,0],"ix":1},"s":{"a":1,"k":[{"i":{"x":[0.833,0.833,0.833],"y":[0.833,0.833,0.833]},"o":{"x":[0.167,0.167,0.167],"y":[0.167,0.167,0.167]},"t":0,"s":[0,0,100]},{"i":{"x":[0.833,0.833,0.833],"y":[0.833,0.833,0.833]},"o":{"x":[0.167,0.167,0.167],"y":[0.167,0.167,0.167]},"t":7,"s":[114,114,100]},{"t":63,"s":[0,0,100]}],"ix":6}},"ao":0,"shapes":[{"ty":"gr","it":[{"d":1,"ty":"el","s":{"a":0,"k":[111.625,111.625],"ix":2},"p":{"a":0,"k":[0,0],"ix":3},"nm":"Ellipse Path 1","mn":"ADBE Vector Shape - Ellipse","hd":false},{"ty":"fl","c":{"a":0,"k":[0.909803921569,0.929411764706,0.972549019608,1],"ix":4},"o":{"a":0,"k":100,"ix":5},"r":1,"bm":0,"nm":"Fill 1","mn":"ADBE Vector Graphic - Fill","hd":false},{"ty":"tr","p":{"a":0,"k":[-338.188,103.812],"ix":2},"a":{"a":0,"k":[0,0],"ix":1},"s":{"a":0,"k":[100,100],"ix":3},"r":{"a":0,"k":0,"ix":6},"o":{"a":0,"k":100,"ix":7},"sk":{"a":0,"k":0,"ix":4},"sa":{"a":0,"k":0,"ix":5},"nm":"Transform"}],"nm":"Ellipse 1","np":3,"cix":2,"bm":0,"ix":1,"mn":"ADBE Vector Group","hd":false}],"ip":0,"op":180,"st":0,"bm":0},{"ddd":0,"ind":6,"ty":4,"nm":"Shape Layer 4","sr":1,"ks":{"o":{"a":0,"k":100,"ix":11},"r":{"a":0,"k":0,"ix":10},"p":{"a":0,"k":[649.812,951.312,0],"ix":2},"a":{"a":0,"k":[-338.188,103.812,0],"ix":1},"s":{"a":1,"k":[{"i":{"x":[0.833,0.833,0.833],"y":[0.833,0.833,0.833]},"o":{"x":[0.167,0.167,0.167],"y":[0.167,0.167,0.167]},"t":0,"s":[0,0,100]},{"i":{"x":[0.833,0.833,0.833],"y":[0.833,0.833,0.833]},"o":{"x":[0.167,0.167,0.167],"y":[0.167,0.167,0.167]},"t":7,"s":[100,100,100]},{"i":{"x":[0.833,0.833,0.833],"y":[0.833,0.833,0.833]},"o":{"x":[0.167,0.167,0.167],"y":[0.167,0.167,0.167]},"t":40,"s":[162,162,100]},{"t":63,"s":[0,0,100]}],"ix":6}},"ao":0,"shapes":[{"ty":"gr","it":[{"d":1,"ty":"el","s":{"a":0,"k":[111.625,111.625],"ix":2},"p":{"a":0,"k":[0,0],"ix":3},"nm":"Ellipse Path 1","mn":"ADBE Vector Shape - Ellipse","hd":false},{"ty":"fl","c":{"a":0,"k":[0.909803921569,0.929411764706,0.972549019608,1],"ix":4},"o":{"a":0,"k":100,"ix":5},"r":1,"bm":0,"nm":"Fill 1","mn":"ADBE Vector Graphic - Fill","hd":false},{"ty":"tr","p":{"a":0,"k":[-338.188,103.812],"ix":2},"a":{"a":0,"k":[0,0],"ix":1},"s":{"a":0,"k":[100,100],"ix":3},"r":{"a":0,"k":0,"ix":6},"o":{"a":0,"k":100,"ix":7},"sk":{"a":0,"k":0,"ix":4},"sa":{"a":0,"k":0,"ix":5},"nm":"Transform"}],"nm":"Ellipse 1","np":3,"cix":2,"bm":0,"ix":1,"mn":"ADBE Vector Group","hd":false}],"ip":0,"op":180,"st":0,"bm":0},{"ddd":0,"ind":7,"ty":4,"nm":"Shape Layer 3","sr":1,"ks":{"o":{"a":0,"k":100,"ix":11},"r":{"a":0,"k":0,"ix":10},"p":{"a":0,"k":[633.312,982.312,0],"ix":2},"a":{"a":0,"k":[-338.188,103.812,0],"ix":1},"s":{"a":1,"k":[{"i":{"x":[0.833,0.833,0.833],"y":[0.833,0.833,0.833]},"o":{"x":[0.167,0.167,0.167],"y":[0.167,0.167,0.167]},"t":0,"s":[0,0,100]},{"i":{"x":[0.833,0.833,0.833],"y":[0.833,0.833,0.833]},"o":{"x":[0.167,0.167,0.167],"y":[0.167,0.167,0.167]},"t":7,"s":[145,145,100]},{"t":63,"s":[0,0,100]}],"ix":6}},"ao":0,"shapes":[{"ty":"gr","it":[{"d":1,"ty":"el","s":{"a":0,"k":[111.625,111.625],"ix":2},"p":{"a":0,"k":[0,0],"ix":3},"nm":"Ellipse Path 1","mn":"ADBE Vector Shape - Ellipse","hd":false},{"ty":"fl","c":{"a":0,"k":[0.909803921569,0.929411764706,0.972549019608,1],"ix":4},"o":{"a":0,"k":100,"ix":5},"r":1,"bm":0,"nm":"Fill 1","mn":"ADBE Vector Graphic - Fill","hd":false},{"ty":"tr","p":{"a":0,"k":[-338.188,103.812],"ix":2},"a":{"a":0,"k":[0,0],"ix":1},"s":{"a":0,"k":[100,100],"ix":3},"r":{"a":0,"k":0,"ix":6},"o":{"a":0,"k":100,"ix":7},"sk":{"a":0,"k":0,"ix":4},"sa":{"a":0,"k":0,"ix":5},"nm":"Transform"}],"nm":"Ellipse 1","np":3,"cix":2,"bm":0,"ix":1,"mn":"ADBE Vector Group","hd":false}],"ip":0,"op":180,"st":0,"bm":0},{"ddd":0,"ind":8,"ty":4,"nm":"Shape Layer 2","sr":1,"ks":{"o":{"a":0,"k":100,"ix":11},"r":{"a":0,"k":0,"ix":10},"p":{"a":0,"k":[617.312,965.812,0],"ix":2},"a":{"a":0,"k":[-338.188,103.812,0],"ix":1},"s":{"a":1,"k":[{"i":{"x":[0.833,0.833,0.833],"y":[0.833,0.833,0.833]},"o":{"x":[0.167,0.167,0.167],"y":[0.167,0.167,0.167]},"t":0,"s":[0,0,100]},{"i":{"x":[0.833,0.833,0.833],"y":[0.833,0.833,0.833]},"o":{"x":[0.167,0.167,0.167],"y":[0.167,0.167,0.167]},"t":7,"s":[100,100,100]},{"t":63,"s":[0,0,100]}],"ix":6}},"ao":0,"shapes":[{"ty":"gr","it":[{"d":1,"ty":"el","s":{"a":0,"k":[111.625,111.625],"ix":2},"p":{"a":0,"k":[0,0],"ix":3},"nm":"Ellipse Path 1","mn":"ADBE Vector Shape - Ellipse","hd":false},{"ty":"fl","c":{"a":0,"k":[0.909803921569,0.929411764706,0.972549019608,1],"ix":4},"o":{"a":0,"k":100,"ix":5},"r":1,"bm":0,"nm":"Fill 1","mn":"ADBE Vector Graphic - Fill","hd":false},{"ty":"tr","p":{"a":0,"k":[-338.188,103.812],"ix":2},"a":{"a":0,"k":[0,0],"ix":1},"s":{"a":0,"k":[100,100],"ix":3},"r":{"a":0,"k":0,"ix":6},"o":{"a":0,"k":100,"ix":7},"sk":{"a":0,"k":0,"ix":4},"sa":{"a":0,"k":0,"ix":5},"nm":"Transform"}],"nm":"Ellipse 1","np":4,"cix":2,"bm":0,"ix":1,"mn":"ADBE Vector Group","hd":false}],"ip":0,"op":180,"st":0,"bm":0},{"ddd":0,"ind":9,"ty":4,"nm":"Shape Layer 1","sr":1,"ks":{"o":{"a":0,"k":100,"ix":11},"r":{"a":0,"k":0,"ix":10},"p":{"a":0,"k":[593.812,979.812,0],"ix":2},"a":{"a":0,"k":[-338.188,103.812,0],"ix":1},"s":{"a":1,"k":[{"i":{"x":[0.833,0.833,0.833],"y":[0.833,0.833,0.833]},"o":{"x":[0.167,0.167,0.167],"y":[0.167,0.167,0.167]},"t":0,"s":[0,0,100]},{"i":{"x":[0.833,0.833,0.833],"y":[0.833,0.833,0.833]},"o":{"x":[0.167,0.167,0.167],"y":[0.167,0.167,0.167]},"t":7,"s":[100,100,100]},{"t":48,"s":[0,0,100]}],"ix":6}},"ao":0,"shapes":[{"ty":"gr","it":[{"d":1,"ty":"el","s":{"a":0,"k":[111.625,111.625],"ix":2},"p":{"a":0,"k":[0,0],"ix":3},"nm":"Ellipse Path 1","mn":"ADBE Vector Shape - Ellipse","hd":false},{"ty":"fl","c":{"a":0,"k":[0.909803921569,0.929411764706,0.972549019608,1],"ix":4},"o":{"a":0,"k":100,"ix":5},"r":1,"bm":0,"nm":"Fill 1","mn":"ADBE Vector Graphic - Fill","hd":false},{"ty":"tr","p":{"a":0,"k":[-338.188,103.812],"ix":2},"a":{"a":0,"k":[0,0],"ix":1},"s":{"a":0,"k":[100,100],"ix":3},"r":{"a":0,"k":0,"ix":6},"o":{"a":0,"k":100,"ix":7},"sk":{"a":0,"k":0,"ix":4},"sa":{"a":0,"k":0,"ix":5},"nm":"Transform"}],"nm":"Ellipse 1","np":3,"cix":2,"bm":0,"ix":1,"mn":"ADBE Vector Group","hd":false}],"ip":0,"op":180,"st":0,"bm":0}]}],"layers":[{"ddd":0,"ind":1,"ty":0,"nm":"Pre-comp 1","parent":25,"refId":"comp_0","sr":1,"ks":{"o":{"a":0,"k":100,"ix":11},"r":{"a":0,"k":0,"ix":10},"p":{"a":0,"k":[291,164,0],"ix":2},"a":{"a":0,"k":[750,750,0],"ix":1},"s":{"a":0,"k":[83,83,100],"ix":6}},"ao":0,"w":1500,"h":1500,"ip":19,"op":78,"st":19,"bm":0},{"ddd":0,"ind":2,"ty":0,"nm":"Pre-comp 1","parent":25,"refId":"comp_0","sr":1,"ks":{"o":{"a":0,"k":100,"ix":11},"r":{"a":0,"k":0,"ix":10},"p":{"a":0,"k":[-86,96,0],"ix":2},"a":{"a":0,"k":[750,750,0],"ix":1},"s":{"a":0,"k":[100,100,100],"ix":6}},"ao":0,"w":1500,"h":1500,"ip":18,"op":78,"st":18,"bm":0},{"ddd":0,"ind":3,"ty":0,"nm":"Pre-comp 1","parent":25,"refId":"comp_0","sr":1,"ks":{"o":{"a":0,"k":100,"ix":11},"r":{"a":0,"k":0,"ix":10},"p":{"a":0,"k":[206,68,0],"ix":2},"a":{"a":0,"k":[750,750,0],"ix":1},"s":{"a":0,"k":[100,100,100],"ix":6}},"ao":0,"w":1500,"h":1500,"ip":7,"op":78,"st":7,"bm":0},{"ddd":0,"ind":4,"ty":0,"nm":"Pre-comp 1","parent":25,"refId":"comp_0","sr":1,"ks":{"o":{"a":0,"k":100,"ix":11},"r":{"a":0,"k":0,"ix":10},"p":{"a":0,"k":[3,79,0],"ix":2},"a":{"a":0,"k":[750,750,0],"ix":1},"s":{"a":0,"k":[100,100,100],"ix":6}},"ao":0,"w":1500,"h":1500,"ip":18,"op":78,"st":18,"bm":0},{"ddd":0,"ind":5,"ty":0,"nm":"Pre-comp 1","parent":25,"refId":"comp_0","sr":1,"ks":{"o":{"a":0,"k":100,"ix":11},"r":{"a":0,"k":0,"ix":10},"p":{"a":0,"k":[95,96,0],"ix":2},"a":{"a":0,"k":[750,750,0],"ix":1},"s":{"a":0,"k":[100,100,100],"ix":6}},"ao":0,"w":1500,"h":1500,"ip":18,"op":78,"st":18,"bm":0},{"ddd":0,"ind":6,"ty":4,"nm":"cloud 9","parent":19,"sr":1,"ks":{"o":{"a":1,"k":[{"i":{"x":[0.833],"y":[0.833]},"o":{"x":[0.167],"y":[0.167]},"t":74,"s":[0]},{"i":{"x":[0.833],"y":[0.833]},"o":{"x":[0.167],"y":[0.167]},"t":84,"s":[100]},{"i":{"x":[0.833],"y":[0.833]},"o":{"x":[0.167],"y":[0.167]},"t":163,"s":[100]},{"t":170,"s":[0]}],"ix":11},"r":{"a":0,"k":0,"ix":10},"p":{"a":1,"k":[{"i":{"x":0.833,"y":0.833},"o":{"x":0.167,"y":0.167},"t":56,"s":[-484,23,0],"to":[-12.167,0,0],"ti":[12.167,0,0]},{"t":165,"s":[-557,23,0]}],"ix":2},"a":{"a":0,"k":[-108.622,121.013,0],"ix":1},"s":{"a":0,"k":[-206.908,206.908,100],"ix":6}},"ao":0,"shapes":[{"ty":"gr","it":[{"ind":0,"ty":"sh","ix":1,"ks":{"a":0,"k":{"i":[[2.424,-0.896],[2.058,1.561],[6.903,0],[0,-17.272],[-0.025,-0.523],[0,-13.095],[-16.855,0],[0,0],[0,16.855],[4.424,5.43],[2.856,1.775],[0,0.991],[12.271,0]],"o":[[-1.604,-2.011],[-5.484,-4.17],[-17.272,0],[0,0.526],[-11.6,4.341],[0,16.855],[0,0],[16.855,0],[0,-7.012],[-2.149,-2.639],[0.123,-0.965],[0,-12.271],[-2.653,0]],"v":[[-92.899,86.719],[-98.412,81.333],[-117.35,74.96],[-148.672,106.281],[-148.632,107.856],[-168.514,136.496],[-137.943,167.066],[-79.3,167.066],[-48.729,136.496],[-55.589,117.202],[-63.163,110.539],[-62.975,107.599],[-85.227,85.347]],"c":true},"ix":2},"nm":"Path 1","mn":"ADBE Vector Shape - Group","hd":false},{"ty":"fl","c":{"a":0,"k":[0.909803921569,0.929411764706,0.972549019608,1],"ix":4},"o":{"a":0,"k":100,"ix":5},"r":1,"bm":0,"nm":"Fill 1","mn":"ADBE Vector Graphic - Fill","hd":false},{"ty":"tr","p":{"a":0,"k":[0,0],"ix":2},"a":{"a":0,"k":[0,0],"ix":1},"s":{"a":0,"k":[100,100],"ix":3},"r":{"a":0,"k":0,"ix":6},"o":{"a":0,"k":100,"ix":7},"sk":{"a":0,"k":0,"ix":4},"sa":{"a":0,"k":0,"ix":5},"nm":"Transform"}],"nm":"Group 1","np":2,"cix":2,"bm":0,"ix":1,"mn":"ADBE Vector Group","hd":false}],"ip":0,"op":180,"st":0,"bm":0},{"ddd":0,"ind":7,"ty":4,"nm":"cloud 8","parent":19,"sr":1,"ks":{"o":{"a":1,"k":[{"i":{"x":[0.833],"y":[0.833]},"o":{"x":[0.167],"y":[0.167]},"t":79,"s":[0]},{"i":{"x":[0.833],"y":[0.833]},"o":{"x":[0.167],"y":[0.167]},"t":89,"s":[100]},{"i":{"x":[0.833],"y":[0.833]},"o":{"x":[0.167],"y":[0.167]},"t":157,"s":[100]},{"t":164,"s":[0]}],"ix":11},"r":{"a":0,"k":0,"ix":10},"p":{"a":1,"k":[{"i":{"x":0.833,"y":0.833},"o":{"x":0.167,"y":0.167},"t":70,"s":[-44,91,0],"to":[12.5,0,0],"ti":[-12.5,0,0]},{"t":167,"s":[31,91,0]}],"ix":2},"a":{"a":0,"k":[-108.622,121.013,0],"ix":1},"s":{"a":0,"k":[-160.799,160.799,100],"ix":6}},"ao":0,"shapes":[{"ty":"gr","it":[{"ind":0,"ty":"sh","ix":1,"ks":{"a":0,"k":{"i":[[2.424,-0.896],[2.058,1.561],[6.903,0],[0,-17.272],[-0.025,-0.523],[0,-13.095],[-16.855,0],[0,0],[0,16.855],[4.424,5.43],[2.856,1.775],[0,0.991],[12.271,0]],"o":[[-1.604,-2.011],[-5.484,-4.17],[-17.272,0],[0,0.526],[-11.6,4.341],[0,16.855],[0,0],[16.855,0],[0,-7.012],[-2.149,-2.639],[0.123,-0.965],[0,-12.271],[-2.653,0]],"v":[[-92.899,86.719],[-98.412,81.333],[-117.35,74.96],[-148.672,106.281],[-148.632,107.856],[-168.514,136.496],[-137.943,167.066],[-79.3,167.066],[-48.729,136.496],[-55.589,117.202],[-63.163,110.539],[-62.975,107.599],[-85.227,85.347]],"c":true},"ix":2},"nm":"Path 1","mn":"ADBE Vector Shape - Group","hd":false},{"ty":"fl","c":{"a":0,"k":[0.909803921569,0.929411764706,0.972549019608,1],"ix":4},"o":{"a":0,"k":100,"ix":5},"r":1,"bm":0,"nm":"Fill 1","mn":"ADBE Vector Graphic - Fill","hd":false},{"ty":"tr","p":{"a":0,"k":[0,0],"ix":2},"a":{"a":0,"k":[0,0],"ix":1},"s":{"a":0,"k":[100,100],"ix":3},"r":{"a":0,"k":0,"ix":6},"o":{"a":0,"k":100,"ix":7},"sk":{"a":0,"k":0,"ix":4},"sa":{"a":0,"k":0,"ix":5},"nm":"Transform"}],"nm":"Group 1","np":2,"cix":2,"bm":0,"ix":1,"mn":"ADBE Vector Group","hd":false}],"ip":0,"op":180,"st":0,"bm":0},{"ddd":0,"ind":8,"ty":3,"nm":"spaceship Control","sr":1,"ks":{"o":{"a":0,"k":0,"ix":11},"r":{"a":0,"k":0,"ix":10},"p":{"a":0,"k":[750,750,0],"ix":2},"a":{"a":0,"k":[50,50,0],"ix":1},"s":{"a":0,"k":[230,230,100],"ix":6}},"ao":0,"ip":0,"op":180,"st":0,"bm":0},{"ddd":0,"ind":9,"ty":3,"nm":"spaceship Wiggle","parent":8,"sr":1,"ks":{"o":{"a":0,"k":0,"ix":11},"r":{"a":0,"k":0,"ix":10},"p":{"a":1,"k":[{"i":{"x":0.833,"y":0.833},"o":{"x":0.167,"y":0.167},"t":7,"s":[50,50,0],"to":[-0.435,0.435,0],"ti":[0,0.145,0]},{"i":{"x":0.833,"y":0.833},"o":{"x":0.167,"y":0.167},"t":10,"s":[47.391,52.609,0],"to":[0,-0.145,0],"ti":[-0.29,0.29,0]},{"i":{"x":0.833,"y":0.833},"o":{"x":0.167,"y":0.167},"t":22,"s":[50,49.13,0],"to":[0.29,-0.29,0],"ti":[-0.435,-0.145,0]},{"i":{"x":0.833,"y":0.833},"o":{"x":0.167,"y":0.167},"t":35,"s":[49.13,50.87,0],"to":[0.435,0.145,0],"ti":[-0.29,0.58,0]},{"i":{"x":0.833,"y":0.833},"o":{"x":0.167,"y":0.167},"t":44,"s":[52.609,50,0],"to":[0.29,-0.58,0],"ti":[0,0.29,0]},{"i":{"x":0.833,"y":0.833},"o":{"x":0.167,"y":0.167},"t":64,"s":[50.87,47.391,0],"to":[0,-0.29,0],"ti":[0,0.145,0]},{"i":{"x":0.833,"y":0.833},"o":{"x":0.167,"y":0.167},"t":76,"s":[52.609,48.261,0],"to":[0,-0.145,0],"ti":[0.145,0.29,0]},{"i":{"x":0.833,"y":0.833},"o":{"x":0.167,"y":0.167},"t":93,"s":[50.87,46.522,0],"to":[-0.145,-0.29,0],"ti":[-0.29,0,0]},{"i":{"x":0.833,"y":0.833},"o":{"x":0.167,"y":0.167},"t":109,"s":[51.739,46.522,0],"to":[0.29,0,0],"ti":[0.435,0.58,0]},{"i":{"x":0.833,"y":0.833},"o":{"x":0.167,"y":0.167},"t":129,"s":[52.609,46.522,0],"to":[-0.435,-0.58,0],"ti":[0.29,0.87,0]},{"i":{"x":0.833,"y":0.833},"o":{"x":0.167,"y":0.167},"t":138,"s":[49.13,43.043,0],"to":[-0.29,-0.87,0],"ti":[-0.145,-1.159,0]},{"i":{"x":0.833,"y":0.833},"o":{"x":0.167,"y":0.167},"t":156,"s":[50.87,41.304,0],"to":[0.145,1.159,0],"ti":[0.145,-1.449,0]},{"t":179,"s":[50,50,0]}],"ix":2},"a":{"a":0,"k":[50,50,0],"ix":1},"s":{"a":0,"k":[100,100,100],"ix":6}},"ao":0,"ip":0,"op":180,"st":0,"bm":0},{"ddd":0,"ind":10,"ty":4,"nm":"Layer 9","parent":9,"sr":1,"ks":{"o":{"a":0,"k":100,"ix":11},"r":{"a":0,"k":0,"ix":10},"p":{"a":0,"k":[50.18,17.609,0],"ix":2},"a":{"a":0,"k":[78.371,34.55,0],"ix":1},"s":{"a":0,"k":[100,100,100],"ix":6}},"ao":0,"shapes":[{"ty":"gr","it":[{"ty":"gr","it":[{"ty":"gr","it":[{"ind":0,"ty":"sh","ix":1,"ks":{"a":0,"k":{"i":[[0.098,0.098],[0,0],[-0.098,0.098],[0,0],[-0.098,-0.098],[0,0],[0,0],[-0.098,-0.098],[0,0],[0.098,-0.098],[0,0]],"o":[[0,0],[-0.098,-0.098],[0,0],[0.098,-0.098],[0,0],[0,0],[0.098,-0.098],[0,0],[0.098,0.098],[0,0],[-0.098,0.097]],"v":[[76.417,43.551],[69.826,36.96],[69.826,36.605],[71.691,34.739],[72.047,34.739],[76.598,39.289],[84.699,31.212],[85.054,31.212],[86.917,33.081],[86.917,33.436],[76.772,43.551]],"c":true},"ix":2},"nm":"Path 1","mn":"ADBE Vector Shape - Group","hd":false},{"ty":"fl","c":{"a":0,"k":[0.909803926945,0.929411768913,0.972549021244,1],"ix":4},"o":{"a":0,"k":100,"ix":5},"r":1,"bm":0,"nm":"Fill 1","mn":"ADBE Vector Graphic - Fill","hd":false},{"ty":"tr","p":{"a":0,"k":[0,0],"ix":2},"a":{"a":0,"k":[0,0],"ix":1},"s":{"a":0,"k":[100,100],"ix":3},"r":{"a":0,"k":0,"ix":6},"o":{"a":0,"k":100,"ix":7},"sk":{"a":0,"k":0,"ix":4},"sa":{"a":0,"k":0,"ix":5},"nm":"Transform"}],"nm":"Group 1","np":2,"cix":2,"bm":0,"ix":1,"mn":"ADBE Vector Group","hd":false},{"ty":"tr","p":{"a":0,"k":[0,0],"ix":2},"a":{"a":0,"k":[0,0],"ix":1},"s":{"a":0,"k":[100,100],"ix":3},"r":{"a":0,"k":0,"ix":6},"o":{"a":0,"k":100,"ix":7},"sk":{"a":0,"k":0,"ix":4},"sa":{"a":0,"k":0,"ix":5},"nm":"Transform"}],"nm":"Group 1","np":1,"cix":2,"bm":0,"ix":1,"mn":"ADBE Vector Group","hd":false},{"ty":"tr","p":{"a":0,"k":[0,0],"ix":2},"a":{"a":0,"k":[0,0],"ix":1},"s":{"a":0,"k":[100,100],"ix":3},"r":{"a":0,"k":0,"ix":6},"o":{"a":0,"k":100,"ix":7},"sk":{"a":0,"k":0,"ix":4},"sa":{"a":0,"k":0,"ix":5},"nm":"Transform"}],"nm":"Group 1","np":1,"cix":2,"bm":0,"ix":1,"mn":"ADBE Vector Group","hd":false},{"ty":"gr","it":[{"ty":"gr","it":[{"ind":0,"ty":"sh","ix":1,"ks":{"a":0,"k":{"i":[[0.839,-0.31],[0.712,0.54],[2.39,0],[0,-5.98],[-0.009,-0.181],[0,-4.534],[-5.835,0],[0,0],[0,5.835],[1.532,1.88],[0.989,0.614],[0,0.343],[4.248,0]],"o":[[-0.555,-0.696],[-1.899,-1.444],[-5.98,0],[0,0.182],[-4.016,1.503],[0,5.835],[0,0],[5.835,0],[0,-2.428],[-0.744,-0.913],[0.043,-0.334],[0,-4.248],[-0.919,0]],"v":[[83.815,22.678],[81.906,20.813],[75.349,18.606],[64.506,29.45],[64.52,29.995],[57.636,39.911],[68.22,50.494],[88.523,50.494],[99.106,39.911],[96.732,33.231],[94.109,30.924],[94.175,29.906],[86.471,22.203]],"c":true},"ix":2},"nm":"Path 1","mn":"ADBE Vector Shape - Group","hd":false},{"ty":"fl","c":{"a":0,"k":[0.04705882445,0.40000000596,1,1],"ix":4},"o":{"a":0,"k":100,"ix":5},"r":1,"bm":0,"nm":"Fill 1","mn":"ADBE Vector Graphic - Fill","hd":false},{"ty":"tr","p":{"a":0,"k":[0,0],"ix":2},"a":{"a":0,"k":[0,0],"ix":1},"s":{"a":0,"k":[100,100],"ix":3},"r":{"a":0,"k":0,"ix":6},"o":{"a":0,"k":100,"ix":7},"sk":{"a":0,"k":0,"ix":4},"sa":{"a":0,"k":0,"ix":5},"nm":"Transform"}],"nm":"Group 1","np":2,"cix":2,"bm":0,"ix":1,"mn":"ADBE Vector Group","hd":false},{"ty":"tr","p":{"a":0,"k":[0,0],"ix":2},"a":{"a":0,"k":[0,0],"ix":1},"s":{"a":0,"k":[100,100],"ix":3},"r":{"a":0,"k":0,"ix":6},"o":{"a":0,"k":100,"ix":7},"sk":{"a":0,"k":0,"ix":4},"sa":{"a":0,"k":0,"ix":5},"nm":"Transform"}],"nm":"Group 2","np":1,"cix":2,"bm":0,"ix":2,"mn":"ADBE Vector Group","hd":false}],"ip":0,"op":180,"st":0,"bm":0},{"ddd":0,"ind":11,"ty":4,"nm":"Layer 8","parent":9,"sr":1,"ks":{"o":{"a":0,"k":100,"ix":11},"r":{"a":0,"k":0,"ix":10},"p":{"a":0,"k":[50.18,63.237,0],"ix":2},"a":{"a":0,"k":[78.371,80.178,0],"ix":1},"s":{"a":0,"k":[100,100,100],"ix":6}},"ao":0,"shapes":[{"ty":"gr","it":[{"ind":0,"ty":"sh","ix":1,"ks":{"a":0,"k":{"i":[[0.075,-2.907],[2.907,0.074],[-0.075,2.906],[-2.906,-0.074]],"o":[[0.075,2.906],[-2.906,0.075],[-0.074,-2.906],[2.906,-0.075]],"v":[[83.588,80.178],[78.372,85.394],[73.155,80.178],[78.371,74.961]],"c":true},"ix":2},"nm":"Path 1","mn":"ADBE Vector Shape - Group","hd":false},{"ty":"fl","c":{"a":0,"k":[0.352941185236,0.352941185236,0.352941185236,1],"ix":4},"o":{"a":0,"k":100,"ix":5},"r":1,"bm":0,"nm":"Fill 1","mn":"ADBE Vector Graphic - Fill","hd":false},{"ty":"tr","p":{"a":0,"k":[0,0],"ix":2},"a":{"a":0,"k":[0,0],"ix":1},"s":{"a":0,"k":[100,100],"ix":3},"r":{"a":0,"k":0,"ix":6},"o":{"a":0,"k":100,"ix":7},"sk":{"a":0,"k":0,"ix":4},"sa":{"a":0,"k":0,"ix":5},"nm":"Transform"}],"nm":"Group 1","np":2,"cix":2,"bm":0,"ix":1,"mn":"ADBE Vector Group","hd":false}],"ip":0,"op":180,"st":0,"bm":0},{"ddd":0,"ind":12,"ty":4,"nm":"Layer 7","parent":9,"sr":1,"ks":{"o":{"a":0,"k":100,"ix":11},"r":{"a":0,"k":0,"ix":10},"p":{"a":0,"k":[50.181,-41.911,0],"ix":2},"a":{"a":0,"k":[78.372,-24.97,0],"ix":1},"s":{"a":0,"k":[100,100,100],"ix":6}},"ao":0,"shapes":[{"ty":"gr","it":[{"ind":0,"ty":"sh","ix":1,"ks":{"a":0,"k":{"i":[[-7.899,-13.265],[0.596,-0.596],[11.178,0],[8.718,8.42],[0.596,0.596],[-11.327,10.433],[-1.342,0],[-0.969,-0.969]],"o":[[-0.596,0.596],[-8.719,8.421],[-11.178,0],[-0.596,-0.596],[7.824,-13.339],[0.969,-0.969],[1.341,0],[11.325,10.433]],"v":[[112.278,-13.792],[109.298,-10.96],[78.372,1.634],[47.447,-10.96],[44.466,-13.792],[74.795,-50.084],[78.372,-51.574],[81.95,-50.083]],"c":true},"ix":2},"nm":"Path 1","mn":"ADBE Vector Shape - Group","hd":false},{"ty":"gf","o":{"a":0,"k":100,"ix":10},"r":1,"bm":0,"g":{"p":3,"k":{"a":0,"k":[0.197,0.071,0.306,0.69,0.497,0.059,0.353,0.845,0.797,0.047,0.4,1],"ix":9}},"s":{"a":0,"k":[78.362,-73.945],"ix":5},"e":{"a":0,"k":[78.362,-6.133],"ix":6},"t":1,"nm":"Gradient Fill 1","mn":"ADBE Vector Graphic - G-Fill","hd":false},{"ty":"tr","p":{"a":0,"k":[0,0],"ix":2},"a":{"a":0,"k":[0,0],"ix":1},"s":{"a":0,"k":[100,100],"ix":3},"r":{"a":0,"k":0,"ix":6},"o":{"a":0,"k":100,"ix":7},"sk":{"a":0,"k":0,"ix":4},"sa":{"a":0,"k":0,"ix":5},"nm":"Transform"}],"nm":"Group 1","np":2,"cix":2,"bm":0,"ix":1,"mn":"ADBE Vector Group","hd":false}],"ip":0,"op":180,"st":0,"bm":0},{"ddd":0,"ind":13,"ty":4,"nm":"Layer 6","parent":9,"sr":1,"ks":{"o":{"a":0,"k":100,"ix":11},"r":{"a":0,"k":0,"ix":10},"p":{"a":0,"k":[50.18,27.02,0],"ix":2},"a":{"a":0,"k":[78.372,43.961,0],"ix":1},"s":{"a":0,"k":[100,100,100],"ix":6}},"ao":0,"shapes":[{"ty":"gr","it":[{"ind":0,"ty":"sh","ix":1,"ks":{"a":0,"k":{"i":[[0,0],[0.373,-18.407],[6.93,-20.94],[0,0],[0,0],[0.298,21.461],[-9.464,16.171],[0,0],[-8.495,0],[-6.632,6.334]],"o":[[9.464,16.171],[-0.373,21.536],[0,0],[0,0],[-6.93,-20.94],[-0.373,-18.406],[0,0],[6.632,6.334],[8.495,0],[0,0]],"v":[[112.278,-13.792],[125.766,37.255],[110.191,106.483],[78.446,106.483],[46.551,106.484],[30.977,37.254],[44.465,-13.792],[54.748,-18.561],[78.371,-8.948],[101.994,-18.561]],"c":true},"ix":2},"nm":"Path 1","mn":"ADBE Vector Shape - Group","hd":false},{"ty":"fl","c":{"a":0,"k":[0.909803926945,0.929411768913,0.972549021244,1],"ix":4},"o":{"a":0,"k":100,"ix":5},"r":1,"bm":0,"nm":"Fill 1","mn":"ADBE Vector Graphic - Fill","hd":false},{"ty":"tr","p":{"a":0,"k":[0,0],"ix":2},"a":{"a":0,"k":[0,0],"ix":1},"s":{"a":0,"k":[100,100],"ix":3},"r":{"a":0,"k":0,"ix":6},"o":{"a":0,"k":100,"ix":7},"sk":{"a":0,"k":0,"ix":4},"sa":{"a":0,"k":0,"ix":5},"nm":"Transform"}],"nm":"Group 1","np":2,"cix":2,"bm":0,"ix":1,"mn":"ADBE Vector Group","hd":false}],"ip":0,"op":180,"st":0,"bm":0},{"ddd":0,"ind":14,"ty":4,"nm":"Layer 5","parent":9,"sr":1,"ks":{"o":{"a":0,"k":100,"ix":11},"r":{"a":0,"k":0,"ix":10},"p":{"a":0,"k":[50.18,94.796,0],"ix":2},"a":{"a":0,"k":[78.372,111.737,0],"ix":1},"s":{"a":0,"k":[100,100,100],"ix":6}},"ao":0,"shapes":[{"ty":"gr","it":[{"ind":0,"ty":"sh","ix":1,"ks":{"a":0,"k":{"i":[[1.118,-3.502],[1.863,-5.589],[2.311,-0.075],[0,0],[0.67,2.161],[1.938,5.961],[1.192,3.577],[0,0]],"o":[[-1.937,5.962],[-0.671,2.161],[0,0],[-2.31,-0.075],[-1.863,-5.589],[-1.118,-3.503],[0,0],[-1.193,3.577]],"v":[[110.191,106.483],[104.379,123.921],[99.386,127.572],[57.357,127.572],[52.364,123.921],[46.552,106.483],[58.028,95.901],[98.715,95.901]],"c":true},"ix":2},"nm":"Path 1","mn":"ADBE Vector Shape - Group","hd":false},{"ty":"gf","o":{"a":0,"k":100,"ix":10},"r":1,"bm":0,"g":{"p":3,"k":{"a":0,"k":[0.197,0.071,0.306,0.69,0.497,0.059,0.353,0.845,0.797,0.047,0.4,1],"ix":9}},"s":{"a":0,"k":[77.362,93.055],"ix":5},"e":{"a":0,"k":[78.107,156.956],"ix":6},"t":1,"nm":"Gradient Fill 1","mn":"ADBE Vector Graphic - G-Fill","hd":false},{"ty":"tr","p":{"a":0,"k":[0,0],"ix":2},"a":{"a":0,"k":[0,0],"ix":1},"s":{"a":0,"k":[100,100],"ix":3},"r":{"a":0,"k":0,"ix":6},"o":{"a":0,"k":100,"ix":7},"sk":{"a":0,"k":0,"ix":4},"sa":{"a":0,"k":0,"ix":5},"nm":"Transform"}],"nm":"Group 1","np":2,"cix":2,"bm":0,"ix":1,"mn":"ADBE Vector Group","hd":false}],"ip":0,"op":180,"st":0,"bm":0},{"ddd":0,"ind":15,"ty":4,"nm":"Layer 4","parent":9,"sr":1,"ks":{"o":{"a":0,"k":100,"ix":11},"r":{"a":0,"k":0,"ix":10},"p":{"a":0,"k":[93.774,78.444,0],"ix":2},"a":{"a":0,"k":[121.965,95.385,0],"ix":1},"s":{"a":0,"k":[100,100,100],"ix":6}},"ao":0,"shapes":[{"ty":"gr","it":[{"ind":0,"ty":"sh","ix":1,"ks":{"a":0,"k":{"i":[[0,0],[1.716,1.475],[-1.23,3.723],[26.305,26.305],[0,0]],"o":[[0.821,0.705],[2.775,2.775],[0.077,-1.415],[0,0],[0,0]],"v":[[102.94,105.263],[128.538,127.251],[137.271,125.17],[124.907,66.565],[120.318,61.977]],"c":true},"ix":2},"nm":"Path 1","mn":"ADBE Vector Shape - Group","hd":false},{"ty":"gf","o":{"a":0,"k":100,"ix":10},"r":1,"bm":0,"g":{"p":3,"k":{"a":0,"k":[0.197,0.071,0.306,0.69,0.497,0.059,0.353,0.845,0.797,0.047,0.4,1],"ix":9}},"s":{"a":0,"k":[135.362,82.055],"ix":5},"e":{"a":0,"k":[114.508,113.881],"ix":6},"t":1,"nm":"Gradient Fill 1","mn":"ADBE Vector Graphic - G-Fill","hd":false},{"ty":"tr","p":{"a":0,"k":[0,0],"ix":2},"a":{"a":0,"k":[0,0],"ix":1},"s":{"a":0,"k":[100,100],"ix":3},"r":{"a":0,"k":0,"ix":6},"o":{"a":0,"k":100,"ix":7},"sk":{"a":0,"k":0,"ix":4},"sa":{"a":0,"k":0,"ix":5},"nm":"Transform"}],"nm":"Group 1","np":2,"cix":2,"bm":0,"ix":1,"mn":"ADBE Vector Group","hd":false}],"ip":0,"op":180,"st":0,"bm":0},{"ddd":0,"ind":16,"ty":4,"nm":"Layer 3","parent":9,"sr":1,"ks":{"o":{"a":0,"k":100,"ix":11},"r":{"a":0,"k":0,"ix":10},"p":{"a":0,"k":[6.226,78.444,0],"ix":2},"a":{"a":0,"k":[34.418,95.385,0],"ix":1},"s":{"a":0,"k":[100,100,100],"ix":6}},"ao":0,"shapes":[{"ty":"gr","it":[{"ind":0,"ty":"sh","ix":1,"ks":{"a":0,"k":{"i":[[0,0],[-0.077,-1.418],[-1.782,-0.422],[-1.295,1.295],[0.83,-0.695],[0,0],[0,0],[0,0]],"o":[[-26.463,26.463],[0.571,1.736],[1.779,0.426],[16.646,-13.941],[0,0],[0,0],[0,0],[0,0]],"v":[[31.182,66.565],[18.818,125.17],[22.602,128.648],[27.55,127.251],[53.752,105.306],[35.769,61.977],[31.181,66.565],[31.182,66.565]],"c":true},"ix":2},"nm":"Path 1","mn":"ADBE Vector Shape - Group","hd":false},{"ty":"gf","o":{"a":0,"k":100,"ix":10},"r":1,"bm":0,"g":{"p":3,"k":{"a":0,"k":[0.197,0.071,0.306,0.69,0.497,0.059,0.353,0.845,0.797,0.047,0.4,1],"ix":9}},"s":{"a":0,"k":[23.362,88.055],"ix":5},"e":{"a":0,"k":[46.639,118.901],"ix":6},"t":1,"nm":"Gradient Fill 1","mn":"ADBE Vector Graphic - G-Fill","hd":false},{"ty":"tr","p":{"a":0,"k":[0,0],"ix":2},"a":{"a":0,"k":[0,0],"ix":1},"s":{"a":0,"k":[100,100],"ix":3},"r":{"a":0,"k":0,"ix":6},"o":{"a":0,"k":100,"ix":7},"sk":{"a":0,"k":0,"ix":4},"sa":{"a":0,"k":0,"ix":5},"nm":"Transform"}],"nm":"Group 1","np":2,"cix":2,"bm":0,"ix":1,"mn":"ADBE Vector Group","hd":false}],"ip":0,"op":180,"st":0,"bm":0},{"ddd":0,"ind":17,"ty":4,"nm":"Layer 2","parent":9,"sr":1,"ks":{"o":{"a":0,"k":100,"ix":11},"r":{"a":0,"k":0,"ix":10},"p":{"a":0,"k":[50.255,141.911,0],"ix":2},"a":{"a":0,"k":[78.446,158.853,0],"ix":1},"s":{"a":0,"k":[80.222,100,100],"ix":6}},"ao":0,"ef":[{"ty":5,"nm":"Turbulent Displace","np":16,"mn":"ADBE Turbulent Displace","ix":1,"en":1,"ef":[{"ty":7,"nm":"Displacement","mn":"ADBE Turbulent Displace-0001","ix":1,"v":{"a":0,"k":1,"ix":1}},{"ty":0,"nm":"Amount","mn":"ADBE Turbulent Displace-0002","ix":2,"v":{"a":0,"k":15,"ix":2}},{"ty":0,"nm":"Size","mn":"ADBE Turbulent Displace-0003","ix":3,"v":{"a":0,"k":15,"ix":3}},{"ty":3,"nm":"Offset (Turbulence)","mn":"ADBE Turbulent Displace-0004","ix":4,"v":{"a":0,"k":[750,750],"ix":4}},{"ty":0,"nm":"Complexity","mn":"ADBE Turbulent Displace-0005","ix":5,"v":{"a":0,"k":1.47,"ix":5}},{"ty":0,"nm":"Evolution","mn":"ADBE Turbulent Displace-0006","ix":6,"v":{"a":0,"k":257,"ix":6,"x":"var $bm_rt;\n$bm_rt = $bm_mul($bm_mul(effect('Turbulent Displace')('Evolution'), time), 10);"}},{"ty":6,"nm":"Evolution Options","mn":"ADBE Turbulent Displace-0007","ix":7,"v":0},{"ty":7,"nm":"Cycle Evolution","mn":"ADBE Turbulent Displace-0008","ix":8,"v":{"a":0,"k":0,"ix":8}},{"ty":0,"nm":"Cycle (in Revolutions)","mn":"ADBE Turbulent Displace-0009","ix":9,"v":{"a":0,"k":1,"ix":9}},{"ty":0,"nm":"Random Seed","mn":"ADBE Turbulent Displace-0010","ix":10,"v":{"a":0,"k":0,"ix":10}},{"ty":6,"nm":"Random Seed","mn":"ADBE Turbulent Displace-0011","ix":11,"v":0},{"ty":7,"nm":"Pinning","mn":"ADBE Turbulent Displace-0012","ix":12,"v":{"a":0,"k":16,"ix":12}},{"ty":7,"nm":"Resize Layer","mn":"ADBE Turbulent Displace-0013","ix":13,"v":{"a":0,"k":1,"ix":13}},{"ty":7,"nm":"Antialiasing for Best Quality","mn":"ADBE Turbulent Displace-0014","ix":14,"v":{"a":0,"k":1,"ix":14}}]}],"shapes":[{"ty":"gr","it":[{"ind":0,"ty":"sh","ix":1,"ks":{"a":1,"k":[{"i":{"x":0.833,"y":0.833},"o":{"x":0.167,"y":0.167},"t":0,"s":[{"i":[[0,0],[0,-6.707],[4.729,-0.227],[1.937,0],[3.862,-0.043],[0.075,15.425],[-3.204,5.441],[0,0]],"o":[[3.205,5.44],[-0.075,15.426],[-2.066,0.099],[-1.937,0],[-7.587,-0.75],[0,-6.707],[0,0],[0,0]],"v":[[99.833,119.524],[102.794,117.101],[87.643,125.825],[83.565,125.247],[71.96,125.913],[54.234,116.232],[57.058,119.524],[78.372,119.524]],"c":true}]},{"t":53,"s":[{"i":[[0,0],[0,-6.707],[2.236,-4.173],[1.937,0],[0.968,1.714],[0.075,15.425],[-3.204,5.441],[0,0]],"o":[[3.205,5.44],[-0.075,15.426],[-0.895,1.64],[-1.937,0],[-2.161,-4.098],[0,-6.707],[0,0],[0,0]],"v":[[99.833,119.524],[104.826,138.08],[82.992,195.499],[78.372,198.181],[73.677,195.424],[52.066,138.08],[57.058,119.524],[78.372,119.524]],"c":true}]}],"ix":2},"nm":"Path 1","mn":"ADBE Vector Shape - Group","hd":false},{"ty":"fl","c":{"a":0,"k":[1,0.678431391716,0.050980392843,1],"ix":4},"o":{"a":0,"k":100,"ix":5},"r":1,"bm":0,"nm":"Fill 1","mn":"ADBE Vector Graphic - Fill","hd":false},{"ty":"tr","p":{"a":0,"k":[0,0],"ix":2},"a":{"a":0,"k":[0,0],"ix":1},"s":{"a":0,"k":[100,100],"ix":3},"r":{"a":0,"k":0,"ix":6},"o":{"a":0,"k":100,"ix":7},"sk":{"a":0,"k":0,"ix":4},"sa":{"a":0,"k":0,"ix":5},"nm":"Transform"}],"nm":"Group 1","np":2,"cix":2,"bm":0,"ix":1,"mn":"ADBE Vector Group","hd":false}],"ip":0,"op":180,"st":0,"bm":0},{"ddd":0,"ind":18,"ty":4,"nm":"cloud 20","parent":19,"sr":1,"ks":{"o":{"a":1,"k":[{"i":{"x":[0.833],"y":[0.833]},"o":{"x":[0.167],"y":[0.167]},"t":79,"s":[0]},{"i":{"x":[0.833],"y":[0.833]},"o":{"x":[0.167],"y":[0.167]},"t":89,"s":[100]},{"i":{"x":[0.833],"y":[0.833]},"o":{"x":[0.167],"y":[0.167]},"t":157,"s":[100]},{"t":164,"s":[0]}],"ix":11},"r":{"a":0,"k":0,"ix":10},"p":{"a":1,"k":[{"i":{"x":0.833,"y":0.833},"o":{"x":0.167,"y":0.167},"t":71,"s":[124,29,0],"to":[9.833,0,0],"ti":[-9.833,0,0]},{"t":166,"s":[183,29,0]}],"ix":2},"a":{"a":0,"k":[-108.622,121.013,0],"ix":1},"s":{"a":0,"k":[230.284,230.284,100],"ix":6}},"ao":0,"shapes":[{"ty":"gr","it":[{"ind":0,"ty":"sh","ix":1,"ks":{"a":0,"k":{"i":[[2.424,-0.896],[2.058,1.561],[6.903,0],[0,-17.272],[-0.025,-0.523],[0,-13.095],[-16.855,0],[0,0],[0,16.855],[4.424,5.43],[2.856,1.775],[0,0.991],[12.271,0]],"o":[[-1.604,-2.011],[-5.484,-4.17],[-17.272,0],[0,0.526],[-11.6,4.341],[0,16.855],[0,0],[16.855,0],[0,-7.012],[-2.149,-2.639],[0.123,-0.965],[0,-12.271],[-2.653,0]],"v":[[-92.899,86.719],[-98.412,81.333],[-117.35,74.96],[-148.672,106.281],[-148.632,107.856],[-168.514,136.496],[-137.943,167.066],[-79.3,167.066],[-48.729,136.496],[-55.589,117.202],[-63.163,110.539],[-62.975,107.599],[-85.227,85.347]],"c":true},"ix":2},"nm":"Path 1","mn":"ADBE Vector Shape - Group","hd":false},{"ty":"fl","c":{"a":0,"k":[0.909803921569,0.929411764706,0.972549019608,1],"ix":4},"o":{"a":0,"k":100,"ix":5},"r":1,"bm":0,"nm":"Fill 1","mn":"ADBE Vector Graphic - Fill","hd":false},{"ty":"tr","p":{"a":0,"k":[0,0],"ix":2},"a":{"a":0,"k":[0,0],"ix":1},"s":{"a":0,"k":[100,100],"ix":3},"r":{"a":0,"k":0,"ix":6},"o":{"a":0,"k":100,"ix":7},"sk":{"a":0,"k":0,"ix":4},"sa":{"a":0,"k":0,"ix":5},"nm":"Transform"}],"nm":"Group 1","np":2,"cix":2,"bm":0,"ix":1,"mn":"ADBE Vector Group","hd":false}],"ip":0,"op":180,"st":0,"bm":0},{"ddd":0,"ind":19,"ty":3,"nm":"clouds control","sr":1,"ks":{"o":{"a":0,"k":0,"ix":11},"r":{"a":0,"k":0,"ix":10},"p":{"a":1,"k":[{"i":{"x":0.833,"y":0.833},"o":{"x":0.167,"y":0.076},"t":75,"s":[765.892,102.013,0],"to":[0,206.667,0],"ti":[0,-206.667,0]},{"t":177,"s":[765.892,1342.013,0]}],"ix":2},"a":{"a":0,"k":[50,50,0],"ix":1},"s":{"a":0,"k":[100,100,100],"ix":6}},"ao":0,"ip":0,"op":180,"st":0,"bm":0},{"ddd":0,"ind":20,"ty":4,"nm":"cloud 3","parent":19,"sr":1,"ks":{"o":{"a":1,"k":[{"i":{"x":[0.833],"y":[0.833]},"o":{"x":[0.167],"y":[0.167]},"t":74,"s":[0]},{"i":{"x":[0.833],"y":[0.833]},"o":{"x":[0.167],"y":[0.167]},"t":84,"s":[100]},{"i":{"x":[0.833],"y":[0.833]},"o":{"x":[0.167],"y":[0.167]},"t":146,"s":[100]},{"t":153,"s":[0]}],"ix":11},"r":{"a":0,"k":0,"ix":10},"p":{"a":0,"k":[-360,99,0],"ix":2},"a":{"a":0,"k":[-108.622,121.013,0],"ix":1},"s":{"a":0,"k":[130.4,130.4,100],"ix":6}},"ao":0,"shapes":[{"ty":"gr","it":[{"ind":0,"ty":"sh","ix":1,"ks":{"a":0,"k":{"i":[[2.424,-0.896],[2.058,1.561],[6.903,0],[0,-17.272],[-0.025,-0.523],[0,-13.095],[-16.855,0],[0,0],[0,16.855],[4.424,5.43],[2.856,1.775],[0,0.991],[12.271,0]],"o":[[-1.604,-2.011],[-5.484,-4.17],[-17.272,0],[0,0.526],[-11.6,4.341],[0,16.855],[0,0],[16.855,0],[0,-7.012],[-2.149,-2.639],[0.123,-0.965],[0,-12.271],[-2.653,0]],"v":[[-92.899,86.719],[-98.412,81.333],[-117.35,74.96],[-148.672,106.281],[-148.632,107.856],[-168.514,136.496],[-137.943,167.066],[-79.3,167.066],[-48.729,136.496],[-55.589,117.202],[-63.163,110.539],[-62.975,107.599],[-85.227,85.347]],"c":true},"ix":2},"nm":"Path 1","mn":"ADBE Vector Shape - Group","hd":false},{"ty":"fl","c":{"a":0,"k":[0.909803921569,0.929411764706,0.972549019608,1],"ix":4},"o":{"a":0,"k":100,"ix":5},"r":1,"bm":0,"nm":"Fill 1","mn":"ADBE Vector Graphic - Fill","hd":false},{"ty":"tr","p":{"a":0,"k":[0,0],"ix":2},"a":{"a":0,"k":[0,0],"ix":1},"s":{"a":0,"k":[100,100],"ix":3},"r":{"a":0,"k":0,"ix":6},"o":{"a":0,"k":100,"ix":7},"sk":{"a":0,"k":0,"ix":4},"sa":{"a":0,"k":0,"ix":5},"nm":"Transform"}],"nm":"Group 1","np":2,"cix":2,"bm":0,"ix":1,"mn":"ADBE Vector Group","hd":false}],"ip":0,"op":180,"st":0,"bm":0},{"ddd":0,"ind":21,"ty":4,"nm":"cloud 19","parent":19,"sr":1,"ks":{"o":{"a":1,"k":[{"i":{"x":[0.833],"y":[0.833]},"o":{"x":[0.167],"y":[0.167]},"t":80,"s":[0]},{"i":{"x":[0.833],"y":[0.833]},"o":{"x":[0.167],"y":[0.167]},"t":90,"s":[100]},{"i":{"x":[0.833],"y":[0.833]},"o":{"x":[0.167],"y":[0.167]},"t":139,"s":[100]},{"t":146,"s":[0]}],"ix":11},"r":{"a":0,"k":0,"ix":10},"p":{"a":0,"k":[534,-243,0],"ix":2},"a":{"a":0,"k":[-108.622,121.013,0],"ix":1},"s":{"a":0,"k":[76.625,76.625,100],"ix":6}},"ao":0,"shapes":[{"ty":"gr","it":[{"ind":0,"ty":"sh","ix":1,"ks":{"a":0,"k":{"i":[[2.424,-0.896],[2.058,1.561],[6.903,0],[0,-17.272],[-0.025,-0.523],[0,-13.095],[-16.855,0],[0,0],[0,16.855],[4.424,5.43],[2.856,1.775],[0,0.991],[12.271,0]],"o":[[-1.604,-2.011],[-5.484,-4.17],[-17.272,0],[0,0.526],[-11.6,4.341],[0,16.855],[0,0],[16.855,0],[0,-7.012],[-2.149,-2.639],[0.123,-0.965],[0,-12.271],[-2.653,0]],"v":[[-92.899,86.719],[-98.412,81.333],[-117.35,74.96],[-148.672,106.281],[-148.632,107.856],[-168.514,136.496],[-137.943,167.066],[-79.3,167.066],[-48.729,136.496],[-55.589,117.202],[-63.163,110.539],[-62.975,107.599],[-85.227,85.347]],"c":true},"ix":2},"nm":"Path 1","mn":"ADBE Vector Shape - Group","hd":false},{"ty":"fl","c":{"a":0,"k":[0.909803921569,0.929411764706,0.972549019608,1],"ix":4},"o":{"a":0,"k":100,"ix":5},"r":1,"bm":0,"nm":"Fill 1","mn":"ADBE Vector Graphic - Fill","hd":false},{"ty":"tr","p":{"a":0,"k":[0,0],"ix":2},"a":{"a":0,"k":[0,0],"ix":1},"s":{"a":0,"k":[100,100],"ix":3},"r":{"a":0,"k":0,"ix":6},"o":{"a":0,"k":100,"ix":7},"sk":{"a":0,"k":0,"ix":4},"sa":{"a":0,"k":0,"ix":5},"nm":"Transform"}],"nm":"Group 1","np":2,"cix":2,"bm":0,"ix":1,"mn":"ADBE Vector Group","hd":false}],"ip":0,"op":180,"st":0,"bm":0},{"ddd":0,"ind":22,"ty":4,"nm":"cloud 16","parent":19,"sr":1,"ks":{"o":{"a":1,"k":[{"i":{"x":[0.833],"y":[0.833]},"o":{"x":[0.167],"y":[0.167]},"t":87,"s":[0]},{"i":{"x":[0.833],"y":[0.833]},"o":{"x":[0.167],"y":[0.167]},"t":97,"s":[100]},{"i":{"x":[0.833],"y":[0.833]},"o":{"x":[0.167],"y":[0.167]},"t":150,"s":[100]},{"t":157,"s":[0]}],"ix":11},"r":{"a":0,"k":0,"ix":10},"p":{"a":0,"k":[-530,-311,0],"ix":2},"a":{"a":0,"k":[-108.622,121.013,0],"ix":1},"s":{"a":0,"k":[117.371,117.371,100],"ix":6}},"ao":0,"shapes":[{"ty":"gr","it":[{"ind":0,"ty":"sh","ix":1,"ks":{"a":0,"k":{"i":[[2.424,-0.896],[2.058,1.561],[6.903,0],[0,-17.272],[-0.025,-0.523],[0,-13.095],[-16.855,0],[0,0],[0,16.855],[4.424,5.43],[2.856,1.775],[0,0.991],[12.271,0]],"o":[[-1.604,-2.011],[-5.484,-4.17],[-17.272,0],[0,0.526],[-11.6,4.341],[0,16.855],[0,0],[16.855,0],[0,-7.012],[-2.149,-2.639],[0.123,-0.965],[0,-12.271],[-2.653,0]],"v":[[-92.899,86.719],[-98.412,81.333],[-117.35,74.96],[-148.672,106.281],[-148.632,107.856],[-168.514,136.496],[-137.943,167.066],[-79.3,167.066],[-48.729,136.496],[-55.589,117.202],[-63.163,110.539],[-62.975,107.599],[-85.227,85.347]],"c":true},"ix":2},"nm":"Path 1","mn":"ADBE Vector Shape - Group","hd":false},{"ty":"fl","c":{"a":0,"k":[0.909803921569,0.929411764706,0.972549019608,1],"ix":4},"o":{"a":0,"k":100,"ix":5},"r":1,"bm":0,"nm":"Fill 1","mn":"ADBE Vector Graphic - Fill","hd":false},{"ty":"tr","p":{"a":0,"k":[0,0],"ix":2},"a":{"a":0,"k":[0,0],"ix":1},"s":{"a":0,"k":[100,100],"ix":3},"r":{"a":0,"k":0,"ix":6},"o":{"a":0,"k":100,"ix":7},"sk":{"a":0,"k":0,"ix":4},"sa":{"a":0,"k":0,"ix":5},"nm":"Transform"}],"nm":"Group 1","np":2,"cix":2,"bm":0,"ix":1,"mn":"ADBE Vector Group","hd":false}],"ip":0,"op":180,"st":0,"bm":0},{"ddd":0,"ind":23,"ty":4,"nm":"cloud 6","parent":19,"sr":1,"ks":{"o":{"a":1,"k":[{"i":{"x":[0.833],"y":[0.833]},"o":{"x":[0.167],"y":[0.167]},"t":80,"s":[0]},{"i":{"x":[0.833],"y":[0.833]},"o":{"x":[0.167],"y":[0.167]},"t":90,"s":[100]},{"i":{"x":[0.833],"y":[0.833]},"o":{"x":[0.167],"y":[0.167]},"t":139,"s":[100]},{"t":146,"s":[0]}],"ix":11},"r":{"a":0,"k":0,"ix":10},"p":{"a":1,"k":[{"i":{"x":0.833,"y":0.833},"o":{"x":0.167,"y":0.167},"t":77,"s":[352,215,0],"to":[15.333,0,0],"ti":[-15.333,0,0]},{"t":152,"s":[444,215,0]}],"ix":2},"a":{"a":0,"k":[-108.622,121.013,0],"ix":1},"s":{"a":0,"k":[156.456,156.456,100],"ix":6}},"ao":0,"shapes":[{"ty":"gr","it":[{"ind":0,"ty":"sh","ix":1,"ks":{"a":0,"k":{"i":[[2.424,-0.896],[2.058,1.561],[6.903,0],[0,-17.272],[-0.025,-0.523],[0,-13.095],[-16.855,0],[0,0],[0,16.855],[4.424,5.43],[2.856,1.775],[0,0.991],[12.271,0]],"o":[[-1.604,-2.011],[-5.484,-4.17],[-17.272,0],[0,0.526],[-11.6,4.341],[0,16.855],[0,0],[16.855,0],[0,-7.012],[-2.149,-2.639],[0.123,-0.965],[0,-12.271],[-2.653,0]],"v":[[-92.899,86.719],[-98.412,81.333],[-117.35,74.96],[-148.672,106.281],[-148.632,107.856],[-168.514,136.496],[-137.943,167.066],[-79.3,167.066],[-48.729,136.496],[-55.589,117.202],[-63.163,110.539],[-62.975,107.599],[-85.227,85.347]],"c":true},"ix":2},"nm":"Path 1","mn":"ADBE Vector Shape - Group","hd":false},{"ty":"fl","c":{"a":0,"k":[0.909803921569,0.929411764706,0.972549019608,1],"ix":4},"o":{"a":0,"k":100,"ix":5},"r":1,"bm":0,"nm":"Fill 1","mn":"ADBE Vector Graphic - Fill","hd":false},{"ty":"tr","p":{"a":0,"k":[0,0],"ix":2},"a":{"a":0,"k":[0,0],"ix":1},"s":{"a":0,"k":[100,100],"ix":3},"r":{"a":0,"k":0,"ix":6},"o":{"a":0,"k":100,"ix":7},"sk":{"a":0,"k":0,"ix":4},"sa":{"a":0,"k":0,"ix":5},"nm":"Transform"}],"nm":"Group 1","np":2,"cix":2,"bm":0,"ix":1,"mn":"ADBE Vector Group","hd":false}],"ip":0,"op":180,"st":0,"bm":0},{"ddd":0,"ind":24,"ty":4,"nm":"cloud 4","parent":19,"sr":1,"ks":{"o":{"a":1,"k":[{"i":{"x":[0.833],"y":[0.833]},"o":{"x":[0.167],"y":[0.167]},"t":87,"s":[0]},{"i":{"x":[0.833],"y":[0.833]},"o":{"x":[0.167],"y":[0.167]},"t":97,"s":[100]},{"i":{"x":[0.833],"y":[0.833]},"o":{"x":[0.167],"y":[0.167]},"t":150,"s":[100]},{"t":157,"s":[0]}],"ix":11},"r":{"a":0,"k":0,"ix":10},"p":{"a":1,"k":[{"i":{"x":0.833,"y":0.833},"o":{"x":0.167,"y":0.167},"t":68,"s":[518,113,0],"to":[9.5,0,0],"ti":[-9.5,0,0]},{"t":152,"s":[575,113,0]}],"ix":2},"a":{"a":0,"k":[-108.622,121.013,0],"ix":1},"s":{"a":0,"k":[-226.303,226.303,100],"ix":6}},"ao":0,"shapes":[{"ty":"gr","it":[{"ind":0,"ty":"sh","ix":1,"ks":{"a":0,"k":{"i":[[2.424,-0.896],[2.058,1.561],[6.903,0],[0,-17.272],[-0.025,-0.523],[0,-13.095],[-16.855,0],[0,0],[0,16.855],[4.424,5.43],[2.856,1.775],[0,0.991],[12.271,0]],"o":[[-1.604,-2.011],[-5.484,-4.17],[-17.272,0],[0,0.526],[-11.6,4.341],[0,16.855],[0,0],[16.855,0],[0,-7.012],[-2.149,-2.639],[0.123,-0.965],[0,-12.271],[-2.653,0]],"v":[[-92.899,86.719],[-98.412,81.333],[-117.35,74.96],[-148.672,106.281],[-148.632,107.856],[-168.514,136.496],[-137.943,167.066],[-79.3,167.066],[-48.729,136.496],[-55.589,117.202],[-63.163,110.539],[-62.975,107.599],[-85.227,85.347]],"c":true},"ix":2},"nm":"Path 1","mn":"ADBE Vector Shape - Group","hd":false},{"ty":"fl","c":{"a":0,"k":[0.909803921569,0.929411764706,0.972549019608,1],"ix":4},"o":{"a":0,"k":100,"ix":5},"r":1,"bm":0,"nm":"Fill 1","mn":"ADBE Vector Graphic - Fill","hd":false},{"ty":"tr","p":{"a":0,"k":[0,0],"ix":2},"a":{"a":0,"k":[0,0],"ix":1},"s":{"a":0,"k":[100,100],"ix":3},"r":{"a":0,"k":0,"ix":6},"o":{"a":0,"k":100,"ix":7},"sk":{"a":0,"k":0,"ix":4},"sa":{"a":0,"k":0,"ix":5},"nm":"Transform"}],"nm":"Group 1","np":2,"cix":2,"bm":0,"ix":1,"mn":"ADBE Vector Group","hd":false}],"ip":0,"op":180,"st":0,"bm":0},{"ddd":0,"ind":25,"ty":3,"nm":"Null 3","sr":1,"ks":{"o":{"a":0,"k":0,"ix":11},"r":{"a":0,"k":0,"ix":10},"p":{"a":1,"k":[{"i":{"x":0.833,"y":0.907},"o":{"x":1,"y":0},"t":33,"s":[863,724,0],"to":[0,172.167,0],"ti":[0,-172.167,0]},{"t":105,"s":[863,1757,0]}],"ix":2},"a":{"a":0,"k":[50,50,0],"ix":1},"s":{"a":0,"k":[100,100,100],"ix":6}},"ao":0,"ip":0,"op":204,"st":0,"bm":0},{"ddd":0,"ind":26,"ty":0,"nm":"Pre-comp 1","parent":25,"refId":"comp_0","sr":1,"ks":{"o":{"a":0,"k":100,"ix":11},"r":{"a":0,"k":0,"ix":10},"p":{"a":0,"k":[115,-6,0],"ix":2},"a":{"a":0,"k":[750,750,0],"ix":1},"s":{"a":0,"k":[100,100,100],"ix":6}},"ao":0,"w":1500,"h":1500,"ip":11,"op":78,"st":11,"bm":0},{"ddd":0,"ind":27,"ty":0,"nm":"Pre-comp 1","parent":25,"refId":"comp_0","sr":1,"ks":{"o":{"a":0,"k":100,"ix":11},"r":{"a":0,"k":0,"ix":10},"p":{"a":0,"k":[-45,-12,0],"ix":2},"a":{"a":0,"k":[750,750,0],"ix":1},"s":{"a":0,"k":[100,100,100],"ix":6}},"ao":0,"w":1500,"h":1500,"ip":11,"op":78,"st":11,"bm":0},{"ddd":0,"ind":28,"ty":0,"nm":"Pre-comp 1","parent":25,"refId":"comp_0","sr":1,"ks":{"o":{"a":0,"k":100,"ix":11},"r":{"a":0,"k":0,"ix":10},"p":{"a":0,"k":[-202,88,0],"ix":2},"a":{"a":0,"k":[750,750,0],"ix":1},"s":{"a":0,"k":[100,100,100],"ix":6}},"ao":0,"w":1500,"h":1500,"ip":22,"op":78,"st":22,"bm":0},{"ddd":0,"ind":29,"ty":0,"nm":"Pre-comp 1","parent":25,"refId":"comp_0","sr":1,"ks":{"o":{"a":0,"k":100,"ix":11},"r":{"a":0,"k":0,"ix":10},"p":{"a":0,"k":[108,103,0],"ix":2},"a":{"a":0,"k":[750,750,0],"ix":1},"s":{"a":0,"k":[100,100,100],"ix":6}},"ao":0,"w":1500,"h":1500,"ip":14,"op":78,"st":14,"bm":0},{"ddd":0,"ind":30,"ty":0,"nm":"Pre-comp 1","parent":25,"refId":"comp_0","sr":1,"ks":{"o":{"a":0,"k":100,"ix":11},"r":{"a":0,"k":0,"ix":10},"p":{"a":0,"k":[276,103,0],"ix":2},"a":{"a":0,"k":[750,750,0],"ix":1},"s":{"a":0,"k":[100,100,100],"ix":6}},"ao":0,"w":1500,"h":1500,"ip":9,"op":78,"st":9,"bm":0},{"ddd":0,"ind":31,"ty":0,"nm":"Pre-comp 1","parent":25,"refId":"comp_0","sr":1,"ks":{"o":{"a":0,"k":100,"ix":11},"r":{"a":0,"k":0,"ix":10},"p":{"a":0,"k":[-59,95,0],"ix":2},"a":{"a":0,"k":[750,750,0],"ix":1},"s":{"a":0,"k":[100,100,100],"ix":6}},"ao":0,"w":1500,"h":1500,"ip":14,"op":78,"st":14,"bm":0},{"ddd":0,"ind":32,"ty":0,"nm":"Pre-comp 1","parent":25,"refId":"comp_0","sr":1,"ks":{"o":{"a":0,"k":100,"ix":11},"r":{"a":0,"k":0,"ix":10},"p":{"a":0,"k":[205,100,0],"ix":2},"a":{"a":0,"k":[750,750,0],"ix":1},"s":{"a":0,"k":[100,100,100],"ix":6}},"ao":0,"w":1500,"h":1500,"ip":9,"op":78,"st":9,"bm":0},{"ddd":0,"ind":33,"ty":0,"nm":"Pre-comp 1","parent":25,"refId":"comp_0","sr":1,"ks":{"o":{"a":0,"k":100,"ix":11},"r":{"a":0,"k":0,"ix":10},"p":{"a":0,"k":[373,220,0],"ix":2},"a":{"a":0,"k":[750,750,0],"ix":1},"s":{"a":0,"k":[61,61,100],"ix":6}},"ao":0,"w":1500,"h":1500,"ip":12,"op":78,"st":12,"bm":0},{"ddd":0,"ind":34,"ty":0,"nm":"Pre-comp 1","parent":25,"refId":"comp_0","sr":1,"ks":{"o":{"a":0,"k":100,"ix":11},"r":{"a":0,"k":0,"ix":10},"p":{"a":0,"k":[205,100,0],"ix":2},"a":{"a":0,"k":[750,750,0],"ix":1},"s":{"a":0,"k":[100,100,100],"ix":6}},"ao":0,"w":1500,"h":1500,"ip":10,"op":78,"st":10,"bm":0},{"ddd":0,"ind":35,"ty":0,"nm":"Pre-comp 1","parent":25,"refId":"comp_0","sr":1,"ks":{"o":{"a":0,"k":100,"ix":11},"r":{"a":0,"k":0,"ix":10},"p":{"a":0,"k":[8,87,0],"ix":2},"a":{"a":0,"k":[750,750,0],"ix":1},"s":{"a":0,"k":[100,100,100],"ix":6}},"ao":0,"w":1500,"h":1500,"ip":6,"op":78,"st":6,"bm":0},{"ddd":0,"ind":36,"ty":0,"nm":"Pre-comp 1","parent":25,"refId":"comp_0","sr":1,"ks":{"o":{"a":0,"k":100,"ix":11},"r":{"a":0,"k":0,"ix":10},"p":{"a":0,"k":[95,96,0],"ix":2},"a":{"a":0,"k":[750,750,0],"ix":1},"s":{"a":0,"k":[100,100,100],"ix":6}},"ao":0,"w":1500,"h":1500,"ip":14,"op":78,"st":14,"bm":0},{"ddd":0,"ind":37,"ty":0,"nm":"Pre-comp 1","parent":25,"refId":"comp_0","sr":1,"ks":{"o":{"a":0,"k":100,"ix":11},"r":{"a":0,"k":0,"ix":10},"p":{"a":0,"k":[-348,170,0],"ix":2},"a":{"a":0,"k":[750,750,0],"ix":1},"s":{"a":0,"k":[76,76,100],"ix":6}},"ao":0,"w":1500,"h":1500,"ip":18,"op":88,"st":18,"bm":0},{"ddd":0,"ind":38,"ty":0,"nm":"Pre-comp 1","parent":25,"refId":"comp_0","sr":1,"ks":{"o":{"a":0,"k":100,"ix":11},"r":{"a":0,"k":0,"ix":10},"p":{"a":0,"k":[-160,79,0],"ix":2},"a":{"a":0,"k":[750,750,0],"ix":1},"s":{"a":0,"k":[100,100,100],"ix":6}},"ao":0,"w":1500,"h":1500,"ip":0,"op":78,"st":0,"bm":0},{"ddd":0,"ind":39,"ty":0,"nm":"Pre-comp 1","parent":25,"refId":"comp_0","sr":1,"ks":{"o":{"a":0,"k":100,"ix":11},"r":{"a":0,"k":0,"ix":10},"p":{"a":0,"k":[192,93,0],"ix":2},"a":{"a":0,"k":[750,750,0],"ix":1},"s":{"a":0,"k":[100,100,100],"ix":6}},"ao":0,"w":1500,"h":1500,"ip":22,"op":78,"st":22,"bm":0},{"ddd":0,"ind":40,"ty":0,"nm":"Pre-comp 1","parent":25,"refId":"comp_0","sr":1,"ks":{"o":{"a":0,"k":100,"ix":11},"r":{"a":0,"k":0,"ix":10},"p":{"a":0,"k":[-263,99,0],"ix":2},"a":{"a":0,"k":[750,750,0],"ix":1},"s":{"a":0,"k":[100,100,100],"ix":6}},"ao":0,"w":1500,"h":1500,"ip":12,"op":78,"st":12,"bm":0},{"ddd":0,"ind":41,"ty":0,"nm":"Pre-comp 1","parent":25,"refId":"comp_0","sr":1,"ks":{"o":{"a":0,"k":100,"ix":11},"r":{"a":0,"k":0,"ix":10},"p":{"a":0,"k":[-63,76,0],"ix":2},"a":{"a":0,"k":[750,750,0],"ix":1},"s":{"a":0,"k":[100,100,100],"ix":6}},"ao":0,"w":1500,"h":1500,"ip":4,"op":78,"st":4,"bm":0},{"ddd":0,"ind":42,"ty":0,"nm":"Pre-comp 1","parent":25,"refId":"comp_0","sr":1,"ks":{"o":{"a":0,"k":100,"ix":11},"r":{"a":0,"k":0,"ix":10},"p":{"a":0,"k":[192,93,0],"ix":2},"a":{"a":0,"k":[750,750,0],"ix":1},"s":{"a":0,"k":[100,100,100],"ix":6}},"ao":0,"w":1500,"h":1500,"ip":12,"op":78,"st":12,"bm":0},{"ddd":0,"ind":43,"ty":0,"nm":"Pre-comp 1","parent":25,"refId":"comp_0","sr":1,"ks":{"o":{"a":0,"k":100,"ix":11},"r":{"a":0,"k":0,"ix":10},"p":{"a":0,"k":[105,84,0],"ix":2},"a":{"a":0,"k":[750,750,0],"ix":1},"s":{"a":0,"k":[100,100,100],"ix":6}},"ao":0,"w":1500,"h":1500,"ip":2,"op":78,"st":2,"bm":0},{"ddd":0,"ind":44,"ty":0,"nm":"Pre-comp 1","parent":25,"refId":"comp_0","sr":1,"ks":{"o":{"a":0,"k":100,"ix":11},"r":{"a":0,"k":0,"ix":10},"p":{"a":0,"k":[-63,76,0],"ix":2},"a":{"a":0,"k":[750,750,0],"ix":1},"s":{"a":0,"k":[100,100,100],"ix":6}},"ao":0,"w":1500,"h":1500,"ip":0,"op":78,"st":0,"bm":0}],"markers":[]}