[{"title":"smileys_emotion","data":[{"emoji":"😀","name":"grinning face","v":"1.0"},{"emoji":"😃","name":"grinning face with big eyes","v":"0.6"},{"emoji":"😄","name":"grinning face with smiling eyes","v":"0.6"},{"emoji":"😁","name":"beaming face with smiling eyes","v":"0.6"},{"emoji":"😆","name":"grinning squinting face","v":"0.6"},{"emoji":"😅","name":"grinning face with sweat","v":"0.6"},{"emoji":"🤣","name":"rolling on the floor laughing","v":"3.0"},{"emoji":"😂","name":"face with tears of joy","v":"0.6"},{"emoji":"🙂","name":"slightly smiling face","v":"1.0"},{"emoji":"🙃","name":"upside-down face","v":"1.0"},{"emoji":"😉","name":"winking face","v":"0.6"},{"emoji":"😊","name":"smiling face with smiling eyes","v":"0.6"},{"emoji":"😇","name":"smiling face with halo","v":"1.0"},{"emoji":"🥰","name":"smiling face with hearts","v":"11.0"},{"emoji":"😍","name":"smiling face with heart-eyes","v":"0.6"},{"emoji":"🤩","name":"star-struck","v":"5.0"},{"emoji":"😘","name":"face blowing a kiss","v":"0.6"},{"emoji":"😗","name":"kissing face","v":"1.0"},{"emoji":"☺️","name":"smiling face","v":"0.6"},{"emoji":"😚","name":"kissing face with closed eyes","v":"0.6"},{"emoji":"😙","name":"kissing face with smiling eyes","v":"1.0"},{"emoji":"🥲","name":"smiling face with tear","v":"13.0"},{"emoji":"😋","name":"face savoring food","v":"0.6"},{"emoji":"😛","name":"face with tongue","v":"1.0"},{"emoji":"😜","name":"winking face with tongue","v":"0.6"},{"emoji":"🤪","name":"zany face","v":"5.0"},{"emoji":"😝","name":"squinting face with tongue","v":"0.6"},{"emoji":"🤑","name":"money-mouth face","v":"1.0"},{"emoji":"🤗","name":"hugging face","v":"1.0"},{"emoji":"🤭","name":"face with hand over mouth","v":"5.0"},{"emoji":"🤫","name":"shushing face","v":"5.0"},{"emoji":"🤔","name":"thinking face","v":"1.0"},{"emoji":"🤐","name":"zipper-mouth face","v":"1.0"},{"emoji":"🤨","name":"face with raised eyebrow","v":"5.0"},{"emoji":"😐","name":"neutral face","v":"0.7"},{"emoji":"😑","name":"expressionless face","v":"1.0"},{"emoji":"😶","name":"face without mouth","v":"1.0"},{"emoji":"😏","name":"smirking face","v":"0.6"},{"emoji":"😒","name":"unamused face","v":"0.6"},{"emoji":"🙄","name":"face with rolling eyes","v":"1.0"},{"emoji":"😬","name":"grimacing face","v":"1.0"},{"emoji":"🤥","name":"lying face","v":"3.0"},{"emoji":"😌","name":"relieved face","v":"0.6"},{"emoji":"😔","name":"pensive face","v":"0.6"},{"emoji":"😪","name":"sleepy face","v":"0.6"},{"emoji":"🤤","name":"drooling face","v":"3.0"},{"emoji":"😴","name":"sleeping face","v":"1.0"},{"emoji":"😷","name":"face with medical mask","v":"0.6"},{"emoji":"🤒","name":"face with thermometer","v":"1.0"},{"emoji":"🤕","name":"face with head-bandage","v":"1.0"},{"emoji":"🤢","name":"nauseated face","v":"3.0"},{"emoji":"🤮","name":"face vomiting","v":"5.0"},{"emoji":"🤧","name":"sneezing face","v":"3.0"},{"emoji":"🥵","name":"hot face","v":"11.0"},{"emoji":"🥶","name":"cold face","v":"11.0"},{"emoji":"🥴","name":"woozy face","v":"11.0"},{"emoji":"😵","name":"knocked-out face","v":"0.6"},{"emoji":"🤯","name":"exploding head","v":"5.0"},{"emoji":"🤠","name":"cowboy hat face","v":"3.0"},{"emoji":"🥳","name":"partying face","v":"11.0"},{"emoji":"🥸","name":"disguised face","v":"13.0"},{"emoji":"😎","name":"smiling face with sunglasses","v":"1.0"},{"emoji":"🤓","name":"nerd face","v":"1.0"},{"emoji":"🧐","name":"face with monocle","v":"5.0"},{"emoji":"😕","name":"confused face","v":"1.0"},{"emoji":"😟","name":"worried face","v":"1.0"},{"emoji":"🙁","name":"slightly frowning face","v":"1.0"},{"emoji":"☹️","name":"frowning face","v":"0.7"},{"emoji":"😮","name":"face with open mouth","v":"1.0"},{"emoji":"😯","name":"hushed face","v":"1.0"},{"emoji":"😲","name":"astonished face","v":"0.6"},{"emoji":"😳","name":"flushed face","v":"0.6"},{"emoji":"🥺","name":"pleading face","v":"11.0"},{"emoji":"😦","name":"frowning face with open mouth","v":"1.0"},{"emoji":"😧","name":"anguished face","v":"1.0"},{"emoji":"😨","name":"fearful face","v":"0.6"},{"emoji":"😰","name":"anxious face with sweat","v":"0.6"},{"emoji":"😥","name":"sad but relieved face","v":"0.6"},{"emoji":"😢","name":"crying face","v":"0.6"},{"emoji":"😭","name":"loudly crying face","v":"0.6"},{"emoji":"😱","name":"face screaming in fear","v":"0.6"},{"emoji":"😖","name":"confounded face","v":"0.6"},{"emoji":"😣","name":"persevering face","v":"0.6"},{"emoji":"😞","name":"disappointed face","v":"0.6"},{"emoji":"😓","name":"downcast face with sweat","v":"0.6"},{"emoji":"😩","name":"weary face","v":"0.6"},{"emoji":"😫","name":"tired face","v":"0.6"},{"emoji":"🥱","name":"yawning face","v":"12.0"},{"emoji":"😤","name":"face with steam from nose","v":"0.6"},{"emoji":"😡","name":"pouting face","v":"0.6"},{"emoji":"😠","name":"angry face","v":"0.6"},{"emoji":"🤬","name":"face with symbols on mouth","v":"5.0"},{"emoji":"😈","name":"smiling face with horns","v":"1.0"},{"emoji":"👿","name":"angry face with horns","v":"0.6"},{"emoji":"💀","name":"skull","v":"0.6"},{"emoji":"☠️","name":"skull and crossbones","v":"1.0"},{"emoji":"💩","name":"pile of poo","v":"0.6"},{"emoji":"🤡","name":"clown face","v":"3.0"},{"emoji":"👹","name":"ogre","v":"0.6"},{"emoji":"👺","name":"goblin","v":"0.6"},{"emoji":"👻","name":"ghost","v":"0.6"},{"emoji":"👽","name":"alien","v":"0.6"},{"emoji":"👾","name":"alien monster","v":"0.6"},{"emoji":"🤖","name":"robot","v":"1.0"},{"emoji":"😺","name":"grinning cat","v":"0.6"},{"emoji":"😸","name":"grinning cat with smiling eyes","v":"0.6"},{"emoji":"😹","name":"cat with tears of joy","v":"0.6"},{"emoji":"😻","name":"smiling cat with heart-eyes","v":"0.6"},{"emoji":"😼","name":"cat with wry smile","v":"0.6"},{"emoji":"😽","name":"kissing cat","v":"0.6"},{"emoji":"🙀","name":"weary cat","v":"0.6"},{"emoji":"😿","name":"crying cat","v":"0.6"},{"emoji":"😾","name":"pouting cat","v":"0.6"},{"emoji":"🙈","name":"see-no-evil monkey","v":"0.6"},{"emoji":"🙉","name":"hear-no-evil monkey","v":"0.6"},{"emoji":"🙊","name":"speak-no-evil monkey","v":"0.6"},{"emoji":"💋","name":"kiss mark","v":"0.6"},{"emoji":"💌","name":"love letter","v":"0.6"},{"emoji":"💘","name":"heart with arrow","v":"0.6"},{"emoji":"💝","name":"heart with ribbon","v":"0.6"},{"emoji":"💖","name":"sparkling heart","v":"0.6"},{"emoji":"💗","name":"growing heart","v":"0.6"},{"emoji":"💓","name":"beating heart","v":"0.6"},{"emoji":"💞","name":"revolving hearts","v":"0.6"},{"emoji":"💕","name":"two hearts","v":"0.6"},{"emoji":"💟","name":"heart decoration","v":"0.6"},{"emoji":"❣️","name":"heart exclamation","v":"1.0"},{"emoji":"💔","name":"broken heart","v":"0.6"},{"emoji":"❤️","name":"red heart","v":"0.6"},{"emoji":"🧡","name":"orange heart","v":"5.0"},{"emoji":"💛","name":"yellow heart","v":"0.6"},{"emoji":"💚","name":"green heart","v":"0.6"},{"emoji":"💙","name":"blue heart","v":"0.6"},{"emoji":"💜","name":"purple heart","v":"0.6"},{"emoji":"🤎","name":"brown heart","v":"12.0"},{"emoji":"🖤","name":"black heart","v":"3.0"},{"emoji":"🤍","name":"white heart","v":"12.0"},{"emoji":"💯","name":"hundred points","v":"0.6"},{"emoji":"💢","name":"anger symbol","v":"0.6"},{"emoji":"💥","name":"collision","v":"0.6"},{"emoji":"💫","name":"dizzy","v":"0.6"},{"emoji":"💦","name":"sweat droplets","v":"0.6"},{"emoji":"💨","name":"dashing away","v":"0.6"},{"emoji":"🕳️","name":"hole","v":"0.7"},{"emoji":"💣","name":"bomb","v":"0.6"},{"emoji":"💬","name":"speech balloon","v":"0.6"},{"emoji":"👁️‍🗨️","name":"eye in speech bubble","v":"2.0"},{"emoji":"🗨️","name":"left speech bubble","v":"2.0"},{"emoji":"🗯️","name":"right anger bubble","v":"0.7"},{"emoji":"💭","name":"thought balloon","v":"1.0"},{"emoji":"💤","name":"zzz","v":"0.6"}]},{"title":"people_body","data":[{"emoji":"👋","name":"waving hand","v":"0.6"},{"emoji":"🤚","name":"raised back of hand","v":"3.0"},{"emoji":"🖐️","name":"hand with fingers splayed","v":"0.7"},{"emoji":"✋","name":"raised hand","v":"0.6"},{"emoji":"🖖","name":"vulcan salute","v":"1.0"},{"emoji":"👌","name":"OK hand","v":"0.6"},{"emoji":"🤌","name":"pinched fingers","v":"13.0"},{"emoji":"🤏","name":"pinching hand","v":"12.0"},{"emoji":"✌️","name":"victory hand","v":"0.6"},{"emoji":"🤞","name":"crossed fingers","v":"3.0"},{"emoji":"🤟","name":"love-you gesture","v":"5.0"},{"emoji":"🤘","name":"sign of the horns","v":"1.0"},{"emoji":"🤙","name":"call me hand","v":"3.0"},{"emoji":"👈","name":"backhand index pointing left","v":"0.6"},{"emoji":"👉","name":"backhand index pointing right","v":"0.6"},{"emoji":"👆","name":"backhand index pointing up","v":"0.6"},{"emoji":"🖕","name":"middle finger","v":"1.0"},{"emoji":"👇","name":"backhand index pointing down","v":"0.6"},{"emoji":"☝️","name":"index pointing up","v":"0.6"},{"emoji":"👍","name":"thumbs up","v":"0.6"},{"emoji":"👎","name":"thumbs down","v":"0.6"},{"emoji":"✊","name":"raised fist","v":"0.6"},{"emoji":"👊","name":"oncoming fist","v":"0.6"},{"emoji":"🤛","name":"left-facing fist","v":"3.0"},{"emoji":"🤜","name":"right-facing fist","v":"3.0"},{"emoji":"👏","name":"clapping hands","v":"0.6"},{"emoji":"🙌","name":"raising hands","v":"0.6"},{"emoji":"👐","name":"open hands","v":"0.6"},{"emoji":"🤲","name":"palms up together","v":"5.0"},{"emoji":"🤝","name":"handshake","v":"3.0"},{"emoji":"🙏","name":"folded hands","v":"0.6"},{"emoji":"✍️","name":"writing hand","v":"0.7"},{"emoji":"💅","name":"nail polish","v":"0.6"},{"emoji":"🤳","name":"selfie","v":"3.0"},{"emoji":"💪","name":"flexed biceps","v":"0.6"},{"emoji":"🦾","name":"mechanical arm","v":"12.0"},{"emoji":"🦿","name":"mechanical leg","v":"12.0"},{"emoji":"🦵","name":"leg","v":"11.0"},{"emoji":"🦶","name":"foot","v":"11.0"},{"emoji":"👂","name":"ear","v":"0.6"},{"emoji":"🦻","name":"ear with hearing aid","v":"12.0"},{"emoji":"👃","name":"nose","v":"0.6"},{"emoji":"🧠","name":"brain","v":"5.0"},{"emoji":"🫀","name":"anatomical heart","v":"13.0"},{"emoji":"🫁","name":"lungs","v":"13.0"},{"emoji":"🦷","name":"tooth","v":"11.0"},{"emoji":"🦴","name":"bone","v":"11.0"},{"emoji":"👀","name":"eyes","v":"0.6"},{"emoji":"👁️","name":"eye","v":"0.7"},{"emoji":"👅","name":"tongue","v":"0.6"},{"emoji":"👄","name":"mouth","v":"0.6"},{"emoji":"👶","name":"baby","v":"0.6"},{"emoji":"🧒","name":"child","v":"5.0"},{"emoji":"👦","name":"boy","v":"0.6"},{"emoji":"👧","name":"girl","v":"0.6"},{"emoji":"🧑","name":"person","v":"5.0"},{"emoji":"👱","name":"person blond hair","v":"0.6"},{"emoji":"👨","name":"man","v":"0.6"},{"emoji":"🧔","name":"person beard","v":"5.0"},{"emoji":"👨‍🦰","name":"man red hair","v":"11.0"},{"emoji":"👨‍🦱","name":"man curly hair","v":"11.0"},{"emoji":"👨‍🦳","name":"man white hair","v":"11.0"},{"emoji":"👨‍🦲","name":"man bald","v":"11.0"},{"emoji":"👩","name":"woman","v":"0.6"},{"emoji":"👩‍🦰","name":"woman red hair","v":"11.0"},{"emoji":"🧑‍🦰","name":"person red hair","v":"12.1"},{"emoji":"👩‍🦱","name":"woman curly hair","v":"11.0"},{"emoji":"🧑‍🦱","name":"person curly hair","v":"12.1"},{"emoji":"👩‍🦳","name":"woman white hair","v":"11.0"},{"emoji":"🧑‍🦳","name":"person white hair","v":"12.1"},{"emoji":"👩‍🦲","name":"woman bald","v":"11.0"},{"emoji":"🧑‍🦲","name":"person bald","v":"12.1"},{"emoji":"👱‍♀️","name":"woman blond hair","v":"4.0"},{"emoji":"👱‍♂️","name":"man blond hair","v":"4.0"},{"emoji":"🧓","name":"older person","v":"5.0"},{"emoji":"👴","name":"old man","v":"0.6"},{"emoji":"👵","name":"old woman","v":"0.6"},{"emoji":"🙍","name":"person frowning","v":"0.6"},{"emoji":"🙍‍♂️","name":"man frowning","v":"4.0"},{"emoji":"🙍‍♀️","name":"woman frowning","v":"4.0"},{"emoji":"🙎","name":"person pouting","v":"0.6"},{"emoji":"🙎‍♂️","name":"man pouting","v":"4.0"},{"emoji":"🙎‍♀️","name":"woman pouting","v":"4.0"},{"emoji":"🙅","name":"person gesturing NO","v":"0.6"},{"emoji":"🙅‍♂️","name":"man gesturing NO","v":"4.0"},{"emoji":"🙅‍♀️","name":"woman gesturing NO","v":"4.0"},{"emoji":"🙆","name":"person gesturing OK","v":"0.6"},{"emoji":"🙆‍♂️","name":"man gesturing OK","v":"4.0"},{"emoji":"🙆‍♀️","name":"woman gesturing OK","v":"4.0"},{"emoji":"💁","name":"person tipping hand","v":"0.6"},{"emoji":"💁‍♂️","name":"man tipping hand","v":"4.0"},{"emoji":"💁‍♀️","name":"woman tipping hand","v":"4.0"},{"emoji":"🙋","name":"person raising hand","v":"0.6"},{"emoji":"🙋‍♂️","name":"man raising hand","v":"4.0"},{"emoji":"🙋‍♀️","name":"woman raising hand","v":"4.0"},{"emoji":"🧏","name":"deaf person","v":"12.0"},{"emoji":"🧏‍♂️","name":"deaf man","v":"12.0"},{"emoji":"🧏‍♀️","name":"deaf woman","v":"12.0"},{"emoji":"🙇","name":"person bowing","v":"0.6"},{"emoji":"🙇‍♂️","name":"man bowing","v":"4.0"},{"emoji":"🙇‍♀️","name":"woman bowing","v":"4.0"},{"emoji":"🤦","name":"person facepalming","v":"3.0"},{"emoji":"🤦‍♂️","name":"man facepalming","v":"4.0"},{"emoji":"🤦‍♀️","name":"woman facepalming","v":"4.0"},{"emoji":"🤷","name":"person shrugging","v":"3.0"},{"emoji":"🤷‍♂️","name":"man shrugging","v":"4.0"},{"emoji":"🤷‍♀️","name":"woman shrugging","v":"4.0"},{"emoji":"🧑‍⚕️","name":"health worker","v":"12.1"},{"emoji":"👨‍⚕️","name":"man health worker","v":"4.0"},{"emoji":"👩‍⚕️","name":"woman health worker","v":"4.0"},{"emoji":"🧑‍🎓","name":"student","v":"12.1"},{"emoji":"👨‍🎓","name":"man student","v":"4.0"},{"emoji":"👩‍🎓","name":"woman student","v":"4.0"},{"emoji":"🧑‍🏫","name":"teacher","v":"12.1"},{"emoji":"👨‍🏫","name":"man teacher","v":"4.0"},{"emoji":"👩‍🏫","name":"woman teacher","v":"4.0"},{"emoji":"🧑‍⚖️","name":"judge","v":"12.1"},{"emoji":"👨‍⚖️","name":"man judge","v":"4.0"},{"emoji":"👩‍⚖️","name":"woman judge","v":"4.0"},{"emoji":"🧑‍🌾","name":"farmer","v":"12.1"},{"emoji":"👨‍🌾","name":"man farmer","v":"4.0"},{"emoji":"👩‍🌾","name":"woman farmer","v":"4.0"},{"emoji":"🧑‍🍳","name":"cook","v":"12.1"},{"emoji":"👨‍🍳","name":"man cook","v":"4.0"},{"emoji":"👩‍🍳","name":"woman cook","v":"4.0"},{"emoji":"🧑‍🔧","name":"mechanic","v":"12.1"},{"emoji":"👨‍🔧","name":"man mechanic","v":"4.0"},{"emoji":"👩‍🔧","name":"woman mechanic","v":"4.0"},{"emoji":"🧑‍🏭","name":"factory worker","v":"12.1"},{"emoji":"👨‍🏭","name":"man factory worker","v":"4.0"},{"emoji":"👩‍🏭","name":"woman factory worker","v":"4.0"},{"emoji":"🧑‍💼","name":"office worker","v":"12.1"},{"emoji":"👨‍💼","name":"man office worker","v":"4.0"},{"emoji":"👩‍💼","name":"woman office worker","v":"4.0"},{"emoji":"🧑‍🔬","name":"scientist","v":"12.1"},{"emoji":"👨‍🔬","name":"man scientist","v":"4.0"},{"emoji":"👩‍🔬","name":"woman scientist","v":"4.0"},{"emoji":"🧑‍💻","name":"technologist","v":"12.1"},{"emoji":"👨‍💻","name":"man technologist","v":"4.0"},{"emoji":"👩‍💻","name":"woman technologist","v":"4.0"},{"emoji":"🧑‍🎤","name":"singer","v":"12.1"},{"emoji":"👨‍🎤","name":"man singer","v":"4.0"},{"emoji":"👩‍🎤","name":"woman singer","v":"4.0"},{"emoji":"🧑‍🎨","name":"artist","v":"12.1"},{"emoji":"👨‍🎨","name":"man artist","v":"4.0"},{"emoji":"👩‍🎨","name":"woman artist","v":"4.0"},{"emoji":"🧑‍✈️","name":"pilot","v":"12.1"},{"emoji":"👨‍✈️","name":"man pilot","v":"4.0"},{"emoji":"👩‍✈️","name":"woman pilot","v":"4.0"},{"emoji":"🧑‍🚀","name":"astronaut","v":"12.1"},{"emoji":"👨‍🚀","name":"man astronaut","v":"4.0"},{"emoji":"👩‍🚀","name":"woman astronaut","v":"4.0"},{"emoji":"🧑‍🚒","name":"firefighter","v":"12.1"},{"emoji":"👨‍🚒","name":"man firefighter","v":"4.0"},{"emoji":"👩‍🚒","name":"woman firefighter","v":"4.0"},{"emoji":"👮","name":"police officer","v":"0.6"},{"emoji":"👮‍♂️","name":"man police officer","v":"4.0"},{"emoji":"👮‍♀️","name":"woman police officer","v":"4.0"},{"emoji":"🕵️","name":"detective","v":"0.7"},{"emoji":"🕵️‍♂️","name":"man detective","v":"4.0"},{"emoji":"🕵️‍♀️","name":"woman detective","v":"4.0"},{"emoji":"💂","name":"guard","v":"0.6"},{"emoji":"💂‍♂️","name":"man guard","v":"4.0"},{"emoji":"💂‍♀️","name":"woman guard","v":"4.0"},{"emoji":"🥷","name":"ninja","v":"13.0"},{"emoji":"👷","name":"construction worker","v":"0.6"},{"emoji":"👷‍♂️","name":"man construction worker","v":"4.0"},{"emoji":"👷‍♀️","name":"woman construction worker","v":"4.0"},{"emoji":"🤴","name":"prince","v":"3.0"},{"emoji":"👸","name":"princess","v":"0.6"},{"emoji":"👳","name":"person wearing turban","v":"0.6"},{"emoji":"👳‍♂️","name":"man wearing turban","v":"4.0"},{"emoji":"👳‍♀️","name":"woman wearing turban","v":"4.0"},{"emoji":"👲","name":"person with skullcap","v":"0.6"},{"emoji":"🧕","name":"woman with headscarf","v":"5.0"},{"emoji":"🤵","name":"person in tuxedo","v":"3.0"},{"emoji":"🤵‍♂️","name":"man in tuxedo","v":"13.0"},{"emoji":"🤵‍♀️","name":"woman in tuxedo","v":"13.0"},{"emoji":"👰","name":"person with veil","v":"0.6"},{"emoji":"👰‍♂️","name":"man with veil","v":"13.0"},{"emoji":"👰‍♀️","name":"woman with veil","v":"13.0"},{"emoji":"🤰","name":"pregnant woman","v":"3.0"},{"emoji":"🤱","name":"breast-feeding","v":"5.0"},{"emoji":"👩‍🍼","name":"woman feeding baby","v":"13.0"},{"emoji":"👨‍🍼","name":"man feeding baby","v":"13.0"},{"emoji":"🧑‍🍼","name":"person feeding baby","v":"13.0"},{"emoji":"👼","name":"baby angel","v":"0.6"},{"emoji":"🎅","name":"Santa Claus","v":"0.6"},{"emoji":"🤶","name":"Mrs. Claus","v":"3.0"},{"emoji":"🧑‍🎄","name":"mx claus","v":"13.0"},{"emoji":"🦸","name":"superhero","v":"11.0"},{"emoji":"🦸‍♂️","name":"man superhero","v":"11.0"},{"emoji":"🦸‍♀️","name":"woman superhero","v":"11.0"},{"emoji":"🦹","name":"supervillain","v":"11.0"},{"emoji":"🦹‍♂️","name":"man supervillain","v":"11.0"},{"emoji":"🦹‍♀️","name":"woman supervillain","v":"11.0"},{"emoji":"🧙","name":"mage","v":"5.0"},{"emoji":"🧙‍♂️","name":"man mage","v":"5.0"},{"emoji":"🧙‍♀️","name":"woman mage","v":"5.0"},{"emoji":"🧚","name":"fairy","v":"5.0"},{"emoji":"🧚‍♂️","name":"man fairy","v":"5.0"},{"emoji":"🧚‍♀️","name":"woman fairy","v":"5.0"},{"emoji":"🧛","name":"vampire","v":"5.0"},{"emoji":"🧛‍♂️","name":"man vampire","v":"5.0"},{"emoji":"🧛‍♀️","name":"woman vampire","v":"5.0"},{"emoji":"🧜","name":"merperson","v":"5.0"},{"emoji":"🧜‍♂️","name":"merman","v":"5.0"},{"emoji":"🧜‍♀️","name":"mermaid","v":"5.0"},{"emoji":"🧝","name":"elf","v":"5.0"},{"emoji":"🧝‍♂️","name":"man elf","v":"5.0"},{"emoji":"🧝‍♀️","name":"woman elf","v":"5.0"},{"emoji":"🧞","name":"genie","v":"5.0"},{"emoji":"🧞‍♂️","name":"man genie","v":"5.0"},{"emoji":"🧞‍♀️","name":"woman genie","v":"5.0"},{"emoji":"🧟","name":"zombie","v":"5.0"},{"emoji":"🧟‍♂️","name":"man zombie","v":"5.0"},{"emoji":"🧟‍♀️","name":"woman zombie","v":"5.0"},{"emoji":"💆","name":"person getting massage","v":"0.6"},{"emoji":"💆‍♂️","name":"man getting massage","v":"4.0"},{"emoji":"💆‍♀️","name":"woman getting massage","v":"4.0"},{"emoji":"💇","name":"person getting haircut","v":"0.6"},{"emoji":"💇‍♂️","name":"man getting haircut","v":"4.0"},{"emoji":"💇‍♀️","name":"woman getting haircut","v":"4.0"},{"emoji":"🚶","name":"person walking","v":"0.6"},{"emoji":"🚶‍♂️","name":"man walking","v":"4.0"},{"emoji":"🚶‍♀️","name":"woman walking","v":"4.0"},{"emoji":"🧍","name":"person standing","v":"12.0"},{"emoji":"🧍‍♂️","name":"man standing","v":"12.0"},{"emoji":"🧍‍♀️","name":"woman standing","v":"12.0"},{"emoji":"🧎","name":"person kneeling","v":"12.0"},{"emoji":"🧎‍♂️","name":"man kneeling","v":"12.0"},{"emoji":"🧎‍♀️","name":"woman kneeling","v":"12.0"},{"emoji":"🧑‍🦯","name":"person with white cane","v":"12.1"},{"emoji":"👨‍🦯","name":"man with white cane","v":"12.0"},{"emoji":"👩‍🦯","name":"woman with white cane","v":"12.0"},{"emoji":"🧑‍🦼","name":"person in motorized wheelchair","v":"12.1"},{"emoji":"👨‍🦼","name":"man in motorized wheelchair","v":"12.0"},{"emoji":"👩‍🦼","name":"woman in motorized wheelchair","v":"12.0"},{"emoji":"🧑‍🦽","name":"person in manual wheelchair","v":"12.1"},{"emoji":"👨‍🦽","name":"man in manual wheelchair","v":"12.0"},{"emoji":"👩‍🦽","name":"woman in manual wheelchair","v":"12.0"},{"emoji":"🏃","name":"person running","v":"0.6"},{"emoji":"🏃‍♂️","name":"man running","v":"4.0"},{"emoji":"🏃‍♀️","name":"woman running","v":"4.0"},{"emoji":"💃","name":"woman dancing","v":"0.6"},{"emoji":"🕺","name":"man dancing","v":"3.0"},{"emoji":"🕴️","name":"person in suit levitating","v":"0.7"},{"emoji":"👯","name":"people with bunny ears","v":"0.6"},{"emoji":"👯‍♂️","name":"men with bunny ears","v":"4.0"},{"emoji":"👯‍♀️","name":"women with bunny ears","v":"4.0"},{"emoji":"🧖","name":"person in steamy room","v":"5.0"},{"emoji":"🧖‍♂️","name":"man in steamy room","v":"5.0"},{"emoji":"🧖‍♀️","name":"woman in steamy room","v":"5.0"},{"emoji":"🧗","name":"person climbing","v":"5.0"},{"emoji":"🧗‍♂️","name":"man climbing","v":"5.0"},{"emoji":"🧗‍♀️","name":"woman climbing","v":"5.0"},{"emoji":"🤺","name":"person fencing","v":"3.0"},{"emoji":"🏇","name":"horse racing","v":"1.0"},{"emoji":"⛷️","name":"skier","v":"0.7"},{"emoji":"🏂","name":"snowboarder","v":"0.6"},{"emoji":"🏌️","name":"person golfing","v":"0.7"},{"emoji":"🏌️‍♂️","name":"man golfing","v":"4.0"},{"emoji":"🏌️‍♀️","name":"woman golfing","v":"4.0"},{"emoji":"🏄","name":"person surfing","v":"0.6"},{"emoji":"🏄‍♂️","name":"man surfing","v":"4.0"},{"emoji":"🏄‍♀️","name":"woman surfing","v":"4.0"},{"emoji":"🚣","name":"person rowing boat","v":"1.0"},{"emoji":"🚣‍♂️","name":"man rowing boat","v":"4.0"},{"emoji":"🚣‍♀️","name":"woman rowing boat","v":"4.0"},{"emoji":"🏊","name":"person swimming","v":"0.6"},{"emoji":"🏊‍♂️","name":"man swimming","v":"4.0"},{"emoji":"🏊‍♀️","name":"woman swimming","v":"4.0"},{"emoji":"⛹️","name":"person bouncing ball","v":"0.7"},{"emoji":"⛹️‍♂️","name":"man bouncing ball","v":"4.0"},{"emoji":"⛹️‍♀️","name":"woman bouncing ball","v":"4.0"},{"emoji":"🏋️","name":"person lifting weights","v":"0.7"},{"emoji":"🏋️‍♂️","name":"man lifting weights","v":"4.0"},{"emoji":"🏋️‍♀️","name":"woman lifting weights","v":"4.0"},{"emoji":"🚴","name":"person biking","v":"1.0"},{"emoji":"🚴‍♂️","name":"man biking","v":"4.0"},{"emoji":"🚴‍♀️","name":"woman biking","v":"4.0"},{"emoji":"🚵","name":"person mountain biking","v":"1.0"},{"emoji":"🚵‍♂️","name":"man mountain biking","v":"4.0"},{"emoji":"🚵‍♀️","name":"woman mountain biking","v":"4.0"},{"emoji":"🤸","name":"person cartwheeling","v":"3.0"},{"emoji":"🤸‍♂️","name":"man cartwheeling","v":"4.0"},{"emoji":"🤸‍♀️","name":"woman cartwheeling","v":"4.0"},{"emoji":"🤼","name":"people wrestling","v":"3.0"},{"emoji":"🤼‍♂️","name":"men wrestling","v":"4.0"},{"emoji":"🤼‍♀️","name":"women wrestling","v":"4.0"},{"emoji":"🤽","name":"person playing water polo","v":"3.0"},{"emoji":"🤽‍♂️","name":"man playing water polo","v":"4.0"},{"emoji":"🤽‍♀️","name":"woman playing water polo","v":"4.0"},{"emoji":"🤾","name":"person playing handball","v":"3.0"},{"emoji":"🤾‍♂️","name":"man playing handball","v":"4.0"},{"emoji":"🤾‍♀️","name":"woman playing handball","v":"4.0"},{"emoji":"🤹","name":"person juggling","v":"3.0"},{"emoji":"🤹‍♂️","name":"man juggling","v":"4.0"},{"emoji":"🤹‍♀️","name":"woman juggling","v":"4.0"},{"emoji":"🧘","name":"person in lotus position","v":"5.0"},{"emoji":"🧘‍♂️","name":"man in lotus position","v":"5.0"},{"emoji":"🧘‍♀️","name":"woman in lotus position","v":"5.0"},{"emoji":"🛀","name":"person taking bath","v":"0.6"},{"emoji":"🛌","name":"person in bed","v":"1.0"},{"emoji":"🧑‍🤝‍🧑","name":"people holding hands","v":"12.0"},{"emoji":"👭","name":"women holding hands","v":"1.0"},{"emoji":"👫","name":"woman and man holding hands","v":"0.6"},{"emoji":"👬","name":"men holding hands","v":"1.0"},{"emoji":"💏","name":"kiss","v":"0.6"},{"emoji":"👩‍❤️‍💋‍👨","name":"kiss woman, man","v":"2.0"},{"emoji":"👨‍❤️‍💋‍👨","name":"kiss man, man","v":"2.0"},{"emoji":"👩‍❤️‍💋‍👩","name":"kiss woman, woman","v":"2.0"},{"emoji":"💑","name":"couple with heart","v":"0.6"},{"emoji":"👩‍❤️‍👨","name":"couple with heart woman, man","v":"2.0"},{"emoji":"👨‍❤️‍👨","name":"couple with heart man, man","v":"2.0"},{"emoji":"👩‍❤️‍👩","name":"couple with heart woman, woman","v":"2.0"},{"emoji":"👪","name":"family","v":"0.6"},{"emoji":"👨‍👩‍👦","name":"family man, woman, boy","v":"2.0"},{"emoji":"👨‍👩‍👧","name":"family man, woman, girl","v":"2.0"},{"emoji":"👨‍👩‍👧‍👦","name":"family man, woman, girl, boy","v":"2.0"},{"emoji":"👨‍👩‍👦‍👦","name":"family man, woman, boy, boy","v":"2.0"},{"emoji":"👨‍👩‍👧‍👧","name":"family man, woman, girl, girl","v":"2.0"},{"emoji":"👨‍👨‍👦","name":"family man, man, boy","v":"2.0"},{"emoji":"👨‍👨‍👧","name":"family man, man, girl","v":"2.0"},{"emoji":"👨‍👨‍👧‍👦","name":"family man, man, girl, boy","v":"2.0"},{"emoji":"👨‍👨‍👦‍👦","name":"family man, man, boy, boy","v":"2.0"},{"emoji":"👨‍👨‍👧‍👧","name":"family man, man, girl, girl","v":"2.0"},{"emoji":"👩‍👩‍👦","name":"family woman, woman, boy","v":"2.0"},{"emoji":"👩‍👩‍👧","name":"family woman, woman, girl","v":"2.0"},{"emoji":"👩‍👩‍👧‍👦","name":"family woman, woman, girl, boy","v":"2.0"},{"emoji":"👩‍👩‍👦‍👦","name":"family woman, woman, boy, boy","v":"2.0"},{"emoji":"👩‍👩‍👧‍👧","name":"family woman, woman, girl, girl","v":"2.0"},{"emoji":"👨‍👦","name":"family man, boy","v":"4.0"},{"emoji":"👨‍👦‍👦","name":"family man, boy, boy","v":"4.0"},{"emoji":"👨‍👧","name":"family man, girl","v":"4.0"},{"emoji":"👨‍👧‍👦","name":"family man, girl, boy","v":"4.0"},{"emoji":"👨‍👧‍👧","name":"family man, girl, girl","v":"4.0"},{"emoji":"👩‍👦","name":"family woman, boy","v":"4.0"},{"emoji":"👩‍👦‍👦","name":"family woman, boy, boy","v":"4.0"},{"emoji":"👩‍👧","name":"family woman, girl","v":"4.0"},{"emoji":"👩‍👧‍👦","name":"family woman, girl, boy","v":"4.0"},{"emoji":"👩‍👧‍👧","name":"family woman, girl, girl","v":"4.0"},{"emoji":"🗣️","name":"speaking head","v":"0.7"},{"emoji":"👤","name":"bust in silhouette","v":"0.6"},{"emoji":"👥","name":"busts in silhouette","v":"1.0"},{"emoji":"🫂","name":"people hugging","v":"13.0"},{"emoji":"👣","name":"footprints","v":"0.6"}]},{"title":"animals_nature","data":[{"emoji":"🐵","name":"monkey face","v":"0.6"},{"emoji":"🐒","name":"monkey","v":"0.6"},{"emoji":"🦍","name":"gorilla","v":"3.0"},{"emoji":"🦧","name":"orangutan","v":"12.0"},{"emoji":"🐶","name":"dog face","v":"0.6"},{"emoji":"🐕","name":"dog","v":"0.7"},{"emoji":"🦮","name":"guide dog","v":"12.0"},{"emoji":"🐕‍🦺","name":"service dog","v":"12.0"},{"emoji":"🐩","name":"poodle","v":"0.6"},{"emoji":"🐺","name":"wolf","v":"0.6"},{"emoji":"🦊","name":"fox","v":"3.0"},{"emoji":"🦝","name":"raccoon","v":"11.0"},{"emoji":"🐱","name":"cat face","v":"0.6"},{"emoji":"🐈","name":"cat","v":"0.7"},{"emoji":"🐈‍⬛","name":"black cat","v":"13.0"},{"emoji":"🦁","name":"lion","v":"1.0"},{"emoji":"🐯","name":"tiger face","v":"0.6"},{"emoji":"🐅","name":"tiger","v":"1.0"},{"emoji":"🐆","name":"leopard","v":"1.0"},{"emoji":"🐴","name":"horse face","v":"0.6"},{"emoji":"🐎","name":"horse","v":"0.6"},{"emoji":"🦄","name":"unicorn","v":"1.0"},{"emoji":"🦓","name":"zebra","v":"5.0"},{"emoji":"🦌","name":"deer","v":"3.0"},{"emoji":"🦬","name":"bison","v":"13.0"},{"emoji":"🐮","name":"cow face","v":"0.6"},{"emoji":"🐂","name":"ox","v":"1.0"},{"emoji":"🐃","name":"water buffalo","v":"1.0"},{"emoji":"🐄","name":"cow","v":"1.0"},{"emoji":"🐷","name":"pig face","v":"0.6"},{"emoji":"🐖","name":"pig","v":"1.0"},{"emoji":"🐗","name":"boar","v":"0.6"},{"emoji":"🐽","name":"pig nose","v":"0.6"},{"emoji":"🐏","name":"ram","v":"1.0"},{"emoji":"🐑","name":"ewe","v":"0.6"},{"emoji":"🐐","name":"goat","v":"1.0"},{"emoji":"🐪","name":"camel","v":"1.0"},{"emoji":"🐫","name":"two-hump camel","v":"0.6"},{"emoji":"🦙","name":"llama","v":"11.0"},{"emoji":"🦒","name":"giraffe","v":"5.0"},{"emoji":"🐘","name":"elephant","v":"0.6"},{"emoji":"🦣","name":"mammoth","v":"13.0"},{"emoji":"🦏","name":"rhinoceros","v":"3.0"},{"emoji":"🦛","name":"hippopotamus","v":"11.0"},{"emoji":"🐭","name":"mouse face","v":"0.6"},{"emoji":"🐁","name":"mouse","v":"1.0"},{"emoji":"🐀","name":"rat","v":"1.0"},{"emoji":"🐹","name":"hamster","v":"0.6"},{"emoji":"🐰","name":"rabbit face","v":"0.6"},{"emoji":"🐇","name":"rabbit","v":"1.0"},{"emoji":"🐿️","name":"chipmunk","v":"0.7"},{"emoji":"🦫","name":"beaver","v":"13.0"},{"emoji":"🦔","name":"hedgehog","v":"5.0"},{"emoji":"🦇","name":"bat","v":"3.0"},{"emoji":"🐻","name":"bear","v":"0.6"},{"emoji":"🐻‍❄️","name":"polar bear","v":"13.0"},{"emoji":"🐨","name":"koala","v":"0.6"},{"emoji":"🐼","name":"panda","v":"0.6"},{"emoji":"🦥","name":"sloth","v":"12.0"},{"emoji":"🦦","name":"otter","v":"12.0"},{"emoji":"🦨","name":"skunk","v":"12.0"},{"emoji":"🦘","name":"kangaroo","v":"11.0"},{"emoji":"🦡","name":"badger","v":"11.0"},{"emoji":"🐾","name":"paw prints","v":"0.6"},{"emoji":"🦃","name":"turkey","v":"1.0"},{"emoji":"🐔","name":"chicken","v":"0.6"},{"emoji":"🐓","name":"rooster","v":"1.0"},{"emoji":"🐣","name":"hatching chick","v":"0.6"},{"emoji":"🐤","name":"baby chick","v":"0.6"},{"emoji":"🐥","name":"front-facing baby chick","v":"0.6"},{"emoji":"🐦","name":"bird","v":"0.6"},{"emoji":"🐧","name":"penguin","v":"0.6"},{"emoji":"🕊️","name":"dove","v":"0.7"},{"emoji":"🦅","name":"eagle","v":"3.0"},{"emoji":"🦆","name":"duck","v":"3.0"},{"emoji":"🦢","name":"swan","v":"11.0"},{"emoji":"🦉","name":"owl","v":"3.0"},{"emoji":"🦤","name":"dodo","v":"13.0"},{"emoji":"🪶","name":"feather","v":"13.0"},{"emoji":"🦩","name":"flamingo","v":"12.0"},{"emoji":"🦚","name":"peacock","v":"11.0"},{"emoji":"🦜","name":"parrot","v":"11.0"},{"emoji":"🐸","name":"frog","v":"0.6"},{"emoji":"🐊","name":"crocodile","v":"1.0"},{"emoji":"🐢","name":"turtle","v":"0.6"},{"emoji":"🦎","name":"lizard","v":"3.0"},{"emoji":"🐍","name":"snake","v":"0.6"},{"emoji":"🐲","name":"dragon face","v":"0.6"},{"emoji":"🐉","name":"dragon","v":"1.0"},{"emoji":"🦕","name":"sauropod","v":"5.0"},{"emoji":"🦖","name":"T-Rex","v":"5.0"},{"emoji":"🐳","name":"spouting whale","v":"0.6"},{"emoji":"🐋","name":"whale","v":"1.0"},{"emoji":"🐬","name":"dolphin","v":"0.6"},{"emoji":"🦭","name":"seal","v":"13.0"},{"emoji":"🐟","name":"fish","v":"0.6"},{"emoji":"🐠","name":"tropical fish","v":"0.6"},{"emoji":"🐡","name":"blowfish","v":"0.6"},{"emoji":"🦈","name":"shark","v":"3.0"},{"emoji":"🐙","name":"octopus","v":"0.6"},{"emoji":"🐚","name":"spiral shell","v":"0.6"},{"emoji":"🐌","name":"snail","v":"0.6"},{"emoji":"🦋","name":"butterfly","v":"3.0"},{"emoji":"🐛","name":"bug","v":"0.6"},{"emoji":"🐜","name":"ant","v":"0.6"},{"emoji":"🐝","name":"honeybee","v":"0.6"},{"emoji":"🪲","name":"beetle","v":"13.0"},{"emoji":"🐞","name":"lady beetle","v":"0.6"},{"emoji":"🦗","name":"cricket","v":"5.0"},{"emoji":"🪳","name":"cockroach","v":"13.0"},{"emoji":"🕷️","name":"spider","v":"0.7"},{"emoji":"🕸️","name":"spider web","v":"0.7"},{"emoji":"🦂","name":"scorpion","v":"1.0"},{"emoji":"🦟","name":"mosquito","v":"11.0"},{"emoji":"🪰","name":"fly","v":"13.0"},{"emoji":"🪱","name":"worm","v":"13.0"},{"emoji":"🦠","name":"microbe","v":"11.0"},{"emoji":"💐","name":"bouquet","v":"0.6"},{"emoji":"🌸","name":"cherry blossom","v":"0.6"},{"emoji":"💮","name":"white flower","v":"0.6"},{"emoji":"🏵️","name":"rosette","v":"0.7"},{"emoji":"🌹","name":"rose","v":"0.6"},{"emoji":"🥀","name":"wilted flower","v":"3.0"},{"emoji":"🌺","name":"hibiscus","v":"0.6"},{"emoji":"🌻","name":"sunflower","v":"0.6"},{"emoji":"🌼","name":"blossom","v":"0.6"},{"emoji":"🌷","name":"tulip","v":"0.6"},{"emoji":"🌱","name":"seedling","v":"0.6"},{"emoji":"🪴","name":"potted plant","v":"13.0"},{"emoji":"🌲","name":"evergreen tree","v":"1.0"},{"emoji":"🌳","name":"deciduous tree","v":"1.0"},{"emoji":"🌴","name":"palm tree","v":"0.6"},{"emoji":"🌵","name":"cactus","v":"0.6"},{"emoji":"🌾","name":"sheaf of rice","v":"0.6"},{"emoji":"🌿","name":"herb","v":"0.6"},{"emoji":"☘️","name":"shamrock","v":"1.0"},{"emoji":"🍀","name":"four leaf clover","v":"0.6"},{"emoji":"🍁","name":"maple leaf","v":"0.6"},{"emoji":"🍂","name":"fallen leaf","v":"0.6"},{"emoji":"🍃","name":"leaf fluttering in wind","v":"0.6"}]},{"title":"food_drink","data":[{"emoji":"🍇","name":"grapes","v":"0.6"},{"emoji":"🍈","name":"melon","v":"0.6"},{"emoji":"🍉","name":"watermelon","v":"0.6"},{"emoji":"🍊","name":"tangerine","v":"0.6"},{"emoji":"🍋","name":"lemon","v":"1.0"},{"emoji":"🍌","name":"banana","v":"0.6"},{"emoji":"🍍","name":"pineapple","v":"0.6"},{"emoji":"🥭","name":"mango","v":"11.0"},{"emoji":"🍎","name":"red apple","v":"0.6"},{"emoji":"🍏","name":"green apple","v":"0.6"},{"emoji":"🍐","name":"pear","v":"1.0"},{"emoji":"🍑","name":"peach","v":"0.6"},{"emoji":"🍒","name":"cherries","v":"0.6"},{"emoji":"🍓","name":"strawberry","v":"0.6"},{"emoji":"🫐","name":"blueberries","v":"13.0"},{"emoji":"🥝","name":"kiwi fruit","v":"3.0"},{"emoji":"🍅","name":"tomato","v":"0.6"},{"emoji":"🫒","name":"olive","v":"13.0"},{"emoji":"🥥","name":"coconut","v":"5.0"},{"emoji":"🥑","name":"avocado","v":"3.0"},{"emoji":"🍆","name":"eggplant","v":"0.6"},{"emoji":"🥔","name":"potato","v":"3.0"},{"emoji":"🥕","name":"carrot","v":"3.0"},{"emoji":"🌽","name":"ear of corn","v":"0.6"},{"emoji":"🌶️","name":"hot pepper","v":"0.7"},{"emoji":"🫑","name":"bell pepper","v":"13.0"},{"emoji":"🥒","name":"cucumber","v":"3.0"},{"emoji":"🥬","name":"leafy green","v":"11.0"},{"emoji":"🥦","name":"broccoli","v":"5.0"},{"emoji":"🧄","name":"garlic","v":"12.0"},{"emoji":"🧅","name":"onion","v":"12.0"},{"emoji":"🍄","name":"mushroom","v":"0.6"},{"emoji":"🥜","name":"peanuts","v":"3.0"},{"emoji":"🌰","name":"chestnut","v":"0.6"},{"emoji":"🍞","name":"bread","v":"0.6"},{"emoji":"🥐","name":"croissant","v":"3.0"},{"emoji":"🥖","name":"baguette bread","v":"3.0"},{"emoji":"🫓","name":"flatbread","v":"13.0"},{"emoji":"🥨","name":"pretzel","v":"5.0"},{"emoji":"🥯","name":"bagel","v":"11.0"},{"emoji":"🥞","name":"pancakes","v":"3.0"},{"emoji":"🧇","name":"waffle","v":"12.0"},{"emoji":"🧀","name":"cheese wedge","v":"1.0"},{"emoji":"🍖","name":"meat on bone","v":"0.6"},{"emoji":"🍗","name":"poultry leg","v":"0.6"},{"emoji":"🥩","name":"cut of meat","v":"5.0"},{"emoji":"🥓","name":"bacon","v":"3.0"},{"emoji":"🍔","name":"hamburger","v":"0.6"},{"emoji":"🍟","name":"french fries","v":"0.6"},{"emoji":"🍕","name":"pizza","v":"0.6"},{"emoji":"🌭","name":"hot dog","v":"1.0"},{"emoji":"🥪","name":"sandwich","v":"5.0"},{"emoji":"🌮","name":"taco","v":"1.0"},{"emoji":"🌯","name":"burrito","v":"1.0"},{"emoji":"🫔","name":"tamale","v":"13.0"},{"emoji":"🥙","name":"stuffed flatbread","v":"3.0"},{"emoji":"🧆","name":"falafel","v":"12.0"},{"emoji":"🥚","name":"egg","v":"3.0"},{"emoji":"🍳","name":"cooking","v":"0.6"},{"emoji":"🥘","name":"shallow pan of food","v":"3.0"},{"emoji":"🍲","name":"pot of food","v":"0.6"},{"emoji":"🫕","name":"fondue","v":"13.0"},{"emoji":"🥣","name":"bowl with spoon","v":"5.0"},{"emoji":"🥗","name":"green salad","v":"3.0"},{"emoji":"🍿","name":"popcorn","v":"1.0"},{"emoji":"🧈","name":"butter","v":"12.0"},{"emoji":"🧂","name":"salt","v":"11.0"},{"emoji":"🥫","name":"canned food","v":"5.0"},{"emoji":"🍱","name":"bento box","v":"0.6"},{"emoji":"🍘","name":"rice cracker","v":"0.6"},{"emoji":"🍙","name":"rice ball","v":"0.6"},{"emoji":"🍚","name":"cooked rice","v":"0.6"},{"emoji":"🍛","name":"curry rice","v":"0.6"},{"emoji":"🍜","name":"steaming bowl","v":"0.6"},{"emoji":"🍝","name":"spaghetti","v":"0.6"},{"emoji":"🍠","name":"roasted sweet potato","v":"0.6"},{"emoji":"🍢","name":"oden","v":"0.6"},{"emoji":"🍣","name":"sushi","v":"0.6"},{"emoji":"🍤","name":"fried shrimp","v":"0.6"},{"emoji":"🍥","name":"fish cake with swirl","v":"0.6"},{"emoji":"🥮","name":"moon cake","v":"11.0"},{"emoji":"🍡","name":"dango","v":"0.6"},{"emoji":"🥟","name":"dumpling","v":"5.0"},{"emoji":"🥠","name":"fortune cookie","v":"5.0"},{"emoji":"🥡","name":"takeout box","v":"5.0"},{"emoji":"🦀","name":"crab","v":"1.0"},{"emoji":"🦞","name":"lobster","v":"11.0"},{"emoji":"🦐","name":"shrimp","v":"3.0"},{"emoji":"🦑","name":"squid","v":"3.0"},{"emoji":"🦪","name":"oyster","v":"12.0"},{"emoji":"🍦","name":"soft ice cream","v":"0.6"},{"emoji":"🍧","name":"shaved ice","v":"0.6"},{"emoji":"🍨","name":"ice cream","v":"0.6"},{"emoji":"🍩","name":"doughnut","v":"0.6"},{"emoji":"🍪","name":"cookie","v":"0.6"},{"emoji":"🎂","name":"birthday cake","v":"0.6"},{"emoji":"🍰","name":"shortcake","v":"0.6"},{"emoji":"🧁","name":"cupcake","v":"11.0"},{"emoji":"🥧","name":"pie","v":"5.0"},{"emoji":"🍫","name":"chocolate bar","v":"0.6"},{"emoji":"🍬","name":"candy","v":"0.6"},{"emoji":"🍭","name":"lollipop","v":"0.6"},{"emoji":"🍮","name":"custard","v":"0.6"},{"emoji":"🍯","name":"honey pot","v":"0.6"},{"emoji":"🍼","name":"baby bottle","v":"1.0"},{"emoji":"🥛","name":"glass of milk","v":"3.0"},{"emoji":"☕","name":"hot beverage","v":"0.6"},{"emoji":"🫖","name":"teapot","v":"13.0"},{"emoji":"🍵","name":"teacup without handle","v":"0.6"},{"emoji":"🍶","name":"sake","v":"0.6"},{"emoji":"🍾","name":"bottle with popping cork","v":"1.0"},{"emoji":"🍷","name":"wine glass","v":"0.6"},{"emoji":"🍸","name":"cocktail glass","v":"0.6"},{"emoji":"🍹","name":"tropical drink","v":"0.6"},{"emoji":"🍺","name":"beer mug","v":"0.6"},{"emoji":"🍻","name":"clinking beer mugs","v":"0.6"},{"emoji":"🥂","name":"clinking glasses","v":"3.0"},{"emoji":"🥃","name":"tumbler glass","v":"3.0"},{"emoji":"🥤","name":"cup with straw","v":"5.0"},{"emoji":"🧋","name":"bubble tea","v":"13.0"},{"emoji":"🧃","name":"beverage box","v":"12.0"},{"emoji":"🧉","name":"mate","v":"12.0"},{"emoji":"🧊","name":"ice","v":"12.0"},{"emoji":"🥢","name":"chopsticks","v":"5.0"},{"emoji":"🍽️","name":"fork and knife with plate","v":"0.7"},{"emoji":"🍴","name":"fork and knife","v":"0.6"},{"emoji":"🥄","name":"spoon","v":"3.0"},{"emoji":"🔪","name":"kitchen knife","v":"0.6"},{"emoji":"🏺","name":"amphora","v":"1.0"}]},{"title":"travel_places","data":[{"emoji":"🌍","name":"globe showing Europe-Africa","v":"0.7"},{"emoji":"🌎","name":"globe showing Americas","v":"0.7"},{"emoji":"🌏","name":"globe showing Asia-Australia","v":"0.6"},{"emoji":"🌐","name":"globe with meridians","v":"1.0"},{"emoji":"🗺️","name":"world map","v":"0.7"},{"emoji":"🗾","name":"map of Japan","v":"0.6"},{"emoji":"🧭","name":"compass","v":"11.0"},{"emoji":"🏔️","name":"snow-capped mountain","v":"0.7"},{"emoji":"⛰️","name":"mountain","v":"0.7"},{"emoji":"🌋","name":"volcano","v":"0.6"},{"emoji":"🗻","name":"mount fuji","v":"0.6"},{"emoji":"🏕️","name":"camping","v":"0.7"},{"emoji":"🏖️","name":"beach with umbrella","v":"0.7"},{"emoji":"🏜️","name":"desert","v":"0.7"},{"emoji":"🏝️","name":"desert island","v":"0.7"},{"emoji":"🏞️","name":"national park","v":"0.7"},{"emoji":"🏟️","name":"stadium","v":"0.7"},{"emoji":"🏛️","name":"classical building","v":"0.7"},{"emoji":"🏗️","name":"building construction","v":"0.7"},{"emoji":"🧱","name":"brick","v":"11.0"},{"emoji":"🪨","name":"rock","v":"13.0"},{"emoji":"🪵","name":"wood","v":"13.0"},{"emoji":"🛖","name":"hut","v":"13.0"},{"emoji":"🏘️","name":"houses","v":"0.7"},{"emoji":"🏚️","name":"derelict house","v":"0.7"},{"emoji":"🏠","name":"house","v":"0.6"},{"emoji":"🏡","name":"house with garden","v":"0.6"},{"emoji":"🏢","name":"office building","v":"0.6"},{"emoji":"🏣","name":"Japanese post office","v":"0.6"},{"emoji":"🏤","name":"post office","v":"1.0"},{"emoji":"🏥","name":"hospital","v":"0.6"},{"emoji":"🏦","name":"bank","v":"0.6"},{"emoji":"🏨","name":"hotel","v":"0.6"},{"emoji":"🏩","name":"love hotel","v":"0.6"},{"emoji":"🏪","name":"convenience store","v":"0.6"},{"emoji":"🏫","name":"school","v":"0.6"},{"emoji":"🏬","name":"department store","v":"0.6"},{"emoji":"🏭","name":"factory","v":"0.6"},{"emoji":"🏯","name":"Japanese castle","v":"0.6"},{"emoji":"🏰","name":"castle","v":"0.6"},{"emoji":"💒","name":"wedding","v":"0.6"},{"emoji":"🗼","name":"Tokyo tower","v":"0.6"},{"emoji":"🗽","name":"Statue of Liberty","v":"0.6"},{"emoji":"⛪","name":"church","v":"0.6"},{"emoji":"🕌","name":"mosque","v":"1.0"},{"emoji":"🛕","name":"hindu temple","v":"12.0"},{"emoji":"🕍","name":"synagogue","v":"1.0"},{"emoji":"⛩️","name":"shinto shrine","v":"0.7"},{"emoji":"🕋","name":"kaaba","v":"1.0"},{"emoji":"⛲","name":"fountain","v":"0.6"},{"emoji":"⛺","name":"tent","v":"0.6"},{"emoji":"🌁","name":"foggy","v":"0.6"},{"emoji":"🌃","name":"night with stars","v":"0.6"},{"emoji":"🏙️","name":"cityscape","v":"0.7"},{"emoji":"🌄","name":"sunrise over mountains","v":"0.6"},{"emoji":"🌅","name":"sunrise","v":"0.6"},{"emoji":"🌆","name":"cityscape at dusk","v":"0.6"},{"emoji":"🌇","name":"sunset","v":"0.6"},{"emoji":"🌉","name":"bridge at night","v":"0.6"},{"emoji":"♨️","name":"hot springs","v":"0.6"},{"emoji":"🎠","name":"carousel horse","v":"0.6"},{"emoji":"🎡","name":"ferris wheel","v":"0.6"},{"emoji":"🎢","name":"roller coaster","v":"0.6"},{"emoji":"💈","name":"barber pole","v":"0.6"},{"emoji":"🎪","name":"circus tent","v":"0.6"},{"emoji":"🚂","name":"locomotive","v":"1.0"},{"emoji":"🚃","name":"railway car","v":"0.6"},{"emoji":"🚄","name":"high-speed train","v":"0.6"},{"emoji":"🚅","name":"bullet train","v":"0.6"},{"emoji":"🚆","name":"train","v":"1.0"},{"emoji":"🚇","name":"metro","v":"0.6"},{"emoji":"🚈","name":"light rail","v":"1.0"},{"emoji":"🚉","name":"station","v":"0.6"},{"emoji":"🚊","name":"tram","v":"1.0"},{"emoji":"🚝","name":"monorail","v":"1.0"},{"emoji":"🚞","name":"mountain railway","v":"1.0"},{"emoji":"🚋","name":"tram car","v":"1.0"},{"emoji":"🚌","name":"bus","v":"0.6"},{"emoji":"🚍","name":"oncoming bus","v":"0.7"},{"emoji":"🚎","name":"trolleybus","v":"1.0"},{"emoji":"🚐","name":"minibus","v":"1.0"},{"emoji":"🚑","name":"ambulance","v":"0.6"},{"emoji":"🚒","name":"fire engine","v":"0.6"},{"emoji":"🚓","name":"police car","v":"0.6"},{"emoji":"🚔","name":"oncoming police car","v":"0.7"},{"emoji":"🚕","name":"taxi","v":"0.6"},{"emoji":"🚖","name":"oncoming taxi","v":"1.0"},{"emoji":"🚗","name":"automobile","v":"0.6"},{"emoji":"🚘","name":"oncoming automobile","v":"0.7"},{"emoji":"🚙","name":"sport utility vehicle","v":"0.6"},{"emoji":"🛻","name":"pickup truck","v":"13.0"},{"emoji":"🚚","name":"delivery truck","v":"0.6"},{"emoji":"🚛","name":"articulated lorry","v":"1.0"},{"emoji":"🚜","name":"tractor","v":"1.0"},{"emoji":"🏎️","name":"racing car","v":"0.7"},{"emoji":"🏍️","name":"motorcycle","v":"0.7"},{"emoji":"🛵","name":"motor scooter","v":"3.0"},{"emoji":"🦽","name":"manual wheelchair","v":"12.0"},{"emoji":"🦼","name":"motorized wheelchair","v":"12.0"},{"emoji":"🛺","name":"auto rickshaw","v":"12.0"},{"emoji":"🚲","name":"bicycle","v":"0.6"},{"emoji":"🛴","name":"kick scooter","v":"3.0"},{"emoji":"🛹","name":"skateboard","v":"11.0"},{"emoji":"🛼","name":"roller skate","v":"13.0"},{"emoji":"🚏","name":"bus stop","v":"0.6"},{"emoji":"🛣️","name":"motorway","v":"0.7"},{"emoji":"🛤️","name":"railway track","v":"0.7"},{"emoji":"🛢️","name":"oil drum","v":"0.7"},{"emoji":"⛽","name":"fuel pump","v":"0.6"},{"emoji":"🚨","name":"police car light","v":"0.6"},{"emoji":"🚥","name":"horizontal traffic light","v":"0.6"},{"emoji":"🚦","name":"vertical traffic light","v":"1.0"},{"emoji":"🛑","name":"stop sign","v":"3.0"},{"emoji":"🚧","name":"construction","v":"0.6"},{"emoji":"⚓","name":"anchor","v":"0.6"},{"emoji":"⛵","name":"sailboat","v":"0.6"},{"emoji":"🛶","name":"canoe","v":"3.0"},{"emoji":"🚤","name":"speedboat","v":"0.6"},{"emoji":"🛳️","name":"passenger ship","v":"0.7"},{"emoji":"⛴️","name":"ferry","v":"0.7"},{"emoji":"🛥️","name":"motor boat","v":"0.7"},{"emoji":"🚢","name":"ship","v":"0.6"},{"emoji":"✈️","name":"airplane","v":"0.6"},{"emoji":"🛩️","name":"small airplane","v":"0.7"},{"emoji":"🛫","name":"airplane departure","v":"1.0"},{"emoji":"🛬","name":"airplane arrival","v":"1.0"},{"emoji":"🪂","name":"parachute","v":"12.0"},{"emoji":"💺","name":"seat","v":"0.6"},{"emoji":"🚁","name":"helicopter","v":"1.0"},{"emoji":"🚟","name":"suspension railway","v":"1.0"},{"emoji":"🚠","name":"mountain cableway","v":"1.0"},{"emoji":"🚡","name":"aerial tramway","v":"1.0"},{"emoji":"🛰️","name":"satellite","v":"0.7"},{"emoji":"🚀","name":"rocket","v":"0.6"},{"emoji":"🛸","name":"flying saucer","v":"5.0"},{"emoji":"🛎️","name":"bellhop bell","v":"0.7"},{"emoji":"🧳","name":"luggage","v":"11.0"},{"emoji":"⌛","name":"hourglass done","v":"0.6"},{"emoji":"⏳","name":"hourglass not done","v":"0.6"},{"emoji":"⌚","name":"watch","v":"0.6"},{"emoji":"⏰","name":"alarm clock","v":"0.6"},{"emoji":"⏱️","name":"stopwatch","v":"1.0"},{"emoji":"⏲️","name":"timer clock","v":"1.0"},{"emoji":"🕰️","name":"mantelpiece clock","v":"0.7"},{"emoji":"🕛","name":"twelve o’clock","v":"0.6"},{"emoji":"🕧","name":"twelve-thirty","v":"0.7"},{"emoji":"🕐","name":"one o’clock","v":"0.6"},{"emoji":"🕜","name":"one-thirty","v":"0.7"},{"emoji":"🕑","name":"two o’clock","v":"0.6"},{"emoji":"🕝","name":"two-thirty","v":"0.7"},{"emoji":"🕒","name":"three o’clock","v":"0.6"},{"emoji":"🕞","name":"three-thirty","v":"0.7"},{"emoji":"🕓","name":"four o’clock","v":"0.6"},{"emoji":"🕟","name":"four-thirty","v":"0.7"},{"emoji":"🕔","name":"five o’clock","v":"0.6"},{"emoji":"🕠","name":"five-thirty","v":"0.7"},{"emoji":"🕕","name":"six o’clock","v":"0.6"},{"emoji":"🕡","name":"six-thirty","v":"0.7"},{"emoji":"🕖","name":"seven o’clock","v":"0.6"},{"emoji":"🕢","name":"seven-thirty","v":"0.7"},{"emoji":"🕗","name":"eight o’clock","v":"0.6"},{"emoji":"🕣","name":"eight-thirty","v":"0.7"},{"emoji":"🕘","name":"nine o’clock","v":"0.6"},{"emoji":"🕤","name":"nine-thirty","v":"0.7"},{"emoji":"🕙","name":"ten o’clock","v":"0.6"},{"emoji":"🕥","name":"ten-thirty","v":"0.7"},{"emoji":"🕚","name":"eleven o’clock","v":"0.6"},{"emoji":"🕦","name":"eleven-thirty","v":"0.7"},{"emoji":"🌑","name":"new moon","v":"0.6"},{"emoji":"🌒","name":"waxing crescent moon","v":"1.0"},{"emoji":"🌓","name":"first quarter moon","v":"0.6"},{"emoji":"🌔","name":"waxing gibbous moon","v":"0.6"},{"emoji":"🌕","name":"full moon","v":"0.6"},{"emoji":"🌖","name":"waning gibbous moon","v":"1.0"},{"emoji":"🌗","name":"last quarter moon","v":"1.0"},{"emoji":"🌘","name":"waning crescent moon","v":"1.0"},{"emoji":"🌙","name":"crescent moon","v":"0.6"},{"emoji":"🌚","name":"new moon face","v":"1.0"},{"emoji":"🌛","name":"first quarter moon face","v":"0.6"},{"emoji":"🌜","name":"last quarter moon face","v":"0.7"},{"emoji":"🌡️","name":"thermometer","v":"0.7"},{"emoji":"☀️","name":"sun","v":"0.6"},{"emoji":"🌝","name":"full moon face","v":"1.0"},{"emoji":"🌞","name":"sun with face","v":"1.0"},{"emoji":"🪐","name":"ringed planet","v":"12.0"},{"emoji":"⭐","name":"star","v":"0.6"},{"emoji":"🌟","name":"glowing star","v":"0.6"},{"emoji":"🌠","name":"shooting star","v":"0.6"},{"emoji":"🌌","name":"milky way","v":"0.6"},{"emoji":"☁️","name":"cloud","v":"0.6"},{"emoji":"⛅","name":"sun behind cloud","v":"0.6"},{"emoji":"⛈️","name":"cloud with lightning and rain","v":"0.7"},{"emoji":"🌤️","name":"sun behind small cloud","v":"0.7"},{"emoji":"🌥️","name":"sun behind large cloud","v":"0.7"},{"emoji":"🌦️","name":"sun behind rain cloud","v":"0.7"},{"emoji":"🌧️","name":"cloud with rain","v":"0.7"},{"emoji":"🌨️","name":"cloud with snow","v":"0.7"},{"emoji":"🌩️","name":"cloud with lightning","v":"0.7"},{"emoji":"🌪️","name":"tornado","v":"0.7"},{"emoji":"🌫️","name":"fog","v":"0.7"},{"emoji":"🌬️","name":"wind face","v":"0.7"},{"emoji":"🌀","name":"cyclone","v":"0.6"},{"emoji":"🌈","name":"rainbow","v":"0.6"},{"emoji":"🌂","name":"closed umbrella","v":"0.6"},{"emoji":"☂️","name":"umbrella","v":"0.7"},{"emoji":"☔","name":"umbrella with rain drops","v":"0.6"},{"emoji":"⛱️","name":"umbrella on ground","v":"0.7"},{"emoji":"⚡","name":"high voltage","v":"0.6"},{"emoji":"❄️","name":"snowflake","v":"0.6"},{"emoji":"☃️","name":"snowman","v":"0.7"},{"emoji":"⛄","name":"snowman without snow","v":"0.6"},{"emoji":"☄️","name":"comet","v":"1.0"},{"emoji":"🔥","name":"fire","v":"0.6"},{"emoji":"💧","name":"droplet","v":"0.6"},{"emoji":"🌊","name":"water wave","v":"0.6"}]},{"title":"activities","data":[{"emoji":"🎃","name":"jack-o-lantern","v":"0.6"},{"emoji":"🎄","name":"Christmas tree","v":"0.6"},{"emoji":"🎆","name":"fireworks","v":"0.6"},{"emoji":"🎇","name":"sparkler","v":"0.6"},{"emoji":"🧨","name":"firecracker","v":"11.0"},{"emoji":"✨","name":"sparkles","v":"0.6"},{"emoji":"🎈","name":"balloon","v":"0.6"},{"emoji":"🎉","name":"party popper","v":"0.6"},{"emoji":"🎊","name":"confetti ball","v":"0.6"},{"emoji":"🎋","name":"tanabata tree","v":"0.6"},{"emoji":"🎍","name":"pine decoration","v":"0.6"},{"emoji":"🎎","name":"Japanese dolls","v":"0.6"},{"emoji":"🎏","name":"carp streamer","v":"0.6"},{"emoji":"🎐","name":"wind chime","v":"0.6"},{"emoji":"🎑","name":"moon viewing ceremony","v":"0.6"},{"emoji":"🧧","name":"red envelope","v":"11.0"},{"emoji":"🎀","name":"ribbon","v":"0.6"},{"emoji":"🎁","name":"wrapped gift","v":"0.6"},{"emoji":"🎗️","name":"reminder ribbon","v":"0.7"},{"emoji":"🎟️","name":"admission tickets","v":"0.7"},{"emoji":"🎫","name":"ticket","v":"0.6"},{"emoji":"🎖️","name":"military medal","v":"0.7"},{"emoji":"🏆","name":"trophy","v":"0.6"},{"emoji":"🏅","name":"sports medal","v":"1.0"},{"emoji":"🥇","name":"1st place medal","v":"3.0"},{"emoji":"🥈","name":"2nd place medal","v":"3.0"},{"emoji":"🥉","name":"3rd place medal","v":"3.0"},{"emoji":"⚽","name":"soccer ball","v":"0.6"},{"emoji":"⚾","name":"baseball","v":"0.6"},{"emoji":"🥎","name":"softball","v":"11.0"},{"emoji":"🏀","name":"basketball","v":"0.6"},{"emoji":"🏐","name":"volleyball","v":"1.0"},{"emoji":"🏈","name":"american football","v":"0.6"},{"emoji":"🏉","name":"rugby football","v":"1.0"},{"emoji":"🎾","name":"tennis","v":"0.6"},{"emoji":"🥏","name":"flying disc","v":"11.0"},{"emoji":"🎳","name":"bowling","v":"0.6"},{"emoji":"🏏","name":"cricket game","v":"1.0"},{"emoji":"🏑","name":"field hockey","v":"1.0"},{"emoji":"🏒","name":"ice hockey","v":"1.0"},{"emoji":"🥍","name":"lacrosse","v":"11.0"},{"emoji":"🏓","name":"ping pong","v":"1.0"},{"emoji":"🏸","name":"badminton","v":"1.0"},{"emoji":"🥊","name":"boxing glove","v":"3.0"},{"emoji":"🥋","name":"martial arts uniform","v":"3.0"},{"emoji":"🥅","name":"goal net","v":"3.0"},{"emoji":"⛳","name":"flag in hole","v":"0.6"},{"emoji":"⛸️","name":"ice skate","v":"0.7"},{"emoji":"🎣","name":"fishing pole","v":"0.6"},{"emoji":"🤿","name":"diving mask","v":"12.0"},{"emoji":"🎽","name":"running shirt","v":"0.6"},{"emoji":"🎿","name":"skis","v":"0.6"},{"emoji":"🛷","name":"sled","v":"5.0"},{"emoji":"🥌","name":"curling stone","v":"5.0"},{"emoji":"🎯","name":"direct hit","v":"0.6"},{"emoji":"🪀","name":"yo-yo","v":"12.0"},{"emoji":"🪁","name":"kite","v":"12.0"},{"emoji":"🎱","name":"pool 8 ball","v":"0.6"},{"emoji":"🔮","name":"crystal ball","v":"0.6"},{"emoji":"🪄","name":"magic wand","v":"13.0"},{"emoji":"🧿","name":"nazar amulet","v":"11.0"},{"emoji":"🎮","name":"video game","v":"0.6"},{"emoji":"🕹️","name":"joystick","v":"0.7"},{"emoji":"🎰","name":"slot machine","v":"0.6"},{"emoji":"🎲","name":"game die","v":"0.6"},{"emoji":"🧩","name":"puzzle piece","v":"11.0"},{"emoji":"🧸","name":"teddy bear","v":"11.0"},{"emoji":"🪅","name":"piñata","v":"13.0"},{"emoji":"🪆","name":"nesting dolls","v":"13.0"},{"emoji":"♠️","name":"spade suit","v":"0.6"},{"emoji":"♥️","name":"heart suit","v":"0.6"},{"emoji":"♦️","name":"diamond suit","v":"0.6"},{"emoji":"♣️","name":"club suit","v":"0.6"},{"emoji":"♟️","name":"chess pawn","v":"11.0"},{"emoji":"🃏","name":"joker","v":"0.6"},{"emoji":"🀄","name":"mahjong red dragon","v":"0.6"},{"emoji":"🎴","name":"flower playing cards","v":"0.6"},{"emoji":"🎭","name":"performing arts","v":"0.6"},{"emoji":"🖼️","name":"framed picture","v":"0.7"},{"emoji":"🎨","name":"artist palette","v":"0.6"},{"emoji":"🧵","name":"thread","v":"11.0"},{"emoji":"🪡","name":"sewing needle","v":"13.0"},{"emoji":"🧶","name":"yarn","v":"11.0"},{"emoji":"🪢","name":"knot","v":"13.0"}]},{"title":"objects","data":[{"emoji":"👓","name":"glasses","v":"0.6"},{"emoji":"🕶️","name":"sunglasses","v":"0.7"},{"emoji":"🥽","name":"goggles","v":"11.0"},{"emoji":"🥼","name":"lab coat","v":"11.0"},{"emoji":"🦺","name":"safety vest","v":"12.0"},{"emoji":"👔","name":"necktie","v":"0.6"},{"emoji":"👕","name":"t-shirt","v":"0.6"},{"emoji":"👖","name":"jeans","v":"0.6"},{"emoji":"🧣","name":"scarf","v":"5.0"},{"emoji":"🧤","name":"gloves","v":"5.0"},{"emoji":"🧥","name":"coat","v":"5.0"},{"emoji":"🧦","name":"socks","v":"5.0"},{"emoji":"👗","name":"dress","v":"0.6"},{"emoji":"👘","name":"kimono","v":"0.6"},{"emoji":"🥻","name":"sari","v":"12.0"},{"emoji":"🩱","name":"one-piece swimsuit","v":"12.0"},{"emoji":"🩲","name":"briefs","v":"12.0"},{"emoji":"🩳","name":"shorts","v":"12.0"},{"emoji":"👙","name":"bikini","v":"0.6"},{"emoji":"👚","name":"woman’s clothes","v":"0.6"},{"emoji":"👛","name":"purse","v":"0.6"},{"emoji":"👜","name":"handbag","v":"0.6"},{"emoji":"👝","name":"clutch bag","v":"0.6"},{"emoji":"🛍️","name":"shopping bags","v":"0.7"},{"emoji":"🎒","name":"backpack","v":"0.6"},{"emoji":"🩴","name":"thong sandal","v":"13.0"},{"emoji":"👞","name":"man’s shoe","v":"0.6"},{"emoji":"👟","name":"running shoe","v":"0.6"},{"emoji":"🥾","name":"hiking boot","v":"11.0"},{"emoji":"🥿","name":"flat shoe","v":"11.0"},{"emoji":"👠","name":"high-heeled shoe","v":"0.6"},{"emoji":"👡","name":"woman’s sandal","v":"0.6"},{"emoji":"🩰","name":"ballet shoes","v":"12.0"},{"emoji":"👢","name":"woman’s boot","v":"0.6"},{"emoji":"👑","name":"crown","v":"0.6"},{"emoji":"👒","name":"woman’s hat","v":"0.6"},{"emoji":"🎩","name":"top hat","v":"0.6"},{"emoji":"🎓","name":"graduation cap","v":"0.6"},{"emoji":"🧢","name":"billed cap","v":"5.0"},{"emoji":"🪖","name":"military helmet","v":"13.0"},{"emoji":"⛑️","name":"rescue worker’s helmet","v":"0.7"},{"emoji":"📿","name":"prayer beads","v":"1.0"},{"emoji":"💄","name":"lipstick","v":"0.6"},{"emoji":"💍","name":"ring","v":"0.6"},{"emoji":"💎","name":"gem stone","v":"0.6"},{"emoji":"🔇","name":"muted speaker","v":"1.0"},{"emoji":"🔈","name":"speaker low volume","v":"0.7"},{"emoji":"🔉","name":"speaker medium volume","v":"1.0"},{"emoji":"🔊","name":"speaker high volume","v":"0.6"},{"emoji":"📢","name":"loudspeaker","v":"0.6"},{"emoji":"📣","name":"megaphone","v":"0.6"},{"emoji":"📯","name":"postal horn","v":"1.0"},{"emoji":"🔔","name":"bell","v":"0.6"},{"emoji":"🔕","name":"bell with slash","v":"1.0"},{"emoji":"🎼","name":"musical score","v":"0.6"},{"emoji":"🎵","name":"musical note","v":"0.6"},{"emoji":"🎶","name":"musical notes","v":"0.6"},{"emoji":"🎙️","name":"studio microphone","v":"0.7"},{"emoji":"🎚️","name":"level slider","v":"0.7"},{"emoji":"🎛️","name":"control knobs","v":"0.7"},{"emoji":"🎤","name":"microphone","v":"0.6"},{"emoji":"🎧","name":"headphone","v":"0.6"},{"emoji":"📻","name":"radio","v":"0.6"},{"emoji":"🎷","name":"saxophone","v":"0.6"},{"emoji":"🪗","name":"accordion","v":"13.0"},{"emoji":"🎸","name":"guitar","v":"0.6"},{"emoji":"🎹","name":"musical keyboard","v":"0.6"},{"emoji":"🎺","name":"trumpet","v":"0.6"},{"emoji":"🎻","name":"violin","v":"0.6"},{"emoji":"🪕","name":"banjo","v":"12.0"},{"emoji":"🥁","name":"drum","v":"3.0"},{"emoji":"🪘","name":"long drum","v":"13.0"},{"emoji":"📱","name":"mobile phone","v":"0.6"},{"emoji":"📲","name":"mobile phone with arrow","v":"0.6"},{"emoji":"☎️","name":"telephone","v":"0.6"},{"emoji":"📞","name":"telephone receiver","v":"0.6"},{"emoji":"📟","name":"pager","v":"0.6"},{"emoji":"📠","name":"fax machine","v":"0.6"},{"emoji":"🔋","name":"battery","v":"0.6"},{"emoji":"🔌","name":"electric plug","v":"0.6"},{"emoji":"💻","name":"laptop","v":"0.6"},{"emoji":"🖥️","name":"desktop computer","v":"0.7"},{"emoji":"🖨️","name":"printer","v":"0.7"},{"emoji":"⌨️","name":"keyboard","v":"1.0"},{"emoji":"🖱️","name":"computer mouse","v":"0.7"},{"emoji":"🖲️","name":"trackball","v":"0.7"},{"emoji":"💽","name":"computer disk","v":"0.6"},{"emoji":"💾","name":"floppy disk","v":"0.6"},{"emoji":"💿","name":"optical disk","v":"0.6"},{"emoji":"📀","name":"dvd","v":"0.6"},{"emoji":"🧮","name":"abacus","v":"11.0"},{"emoji":"🎥","name":"movie camera","v":"0.6"},{"emoji":"🎞️","name":"film frames","v":"0.7"},{"emoji":"📽️","name":"film projector","v":"0.7"},{"emoji":"🎬","name":"clapper board","v":"0.6"},{"emoji":"📺","name":"television","v":"0.6"},{"emoji":"📷","name":"camera","v":"0.6"},{"emoji":"📸","name":"camera with flash","v":"1.0"},{"emoji":"📹","name":"video camera","v":"0.6"},{"emoji":"📼","name":"videocassette","v":"0.6"},{"emoji":"🔍","name":"magnifying glass tilted left","v":"0.6"},{"emoji":"🔎","name":"magnifying glass tilted right","v":"0.6"},{"emoji":"🕯️","name":"candle","v":"0.7"},{"emoji":"💡","name":"light bulb","v":"0.6"},{"emoji":"🔦","name":"flashlight","v":"0.6"},{"emoji":"🏮","name":"red paper lantern","v":"0.6"},{"emoji":"🪔","name":"diya lamp","v":"12.0"},{"emoji":"📔","name":"notebook with decorative cover","v":"0.6"},{"emoji":"📕","name":"closed book","v":"0.6"},{"emoji":"📖","name":"open book","v":"0.6"},{"emoji":"📗","name":"green book","v":"0.6"},{"emoji":"📘","name":"blue book","v":"0.6"},{"emoji":"📙","name":"orange book","v":"0.6"},{"emoji":"📚","name":"books","v":"0.6"},{"emoji":"📓","name":"notebook","v":"0.6"},{"emoji":"📒","name":"ledger","v":"0.6"},{"emoji":"📃","name":"page with curl","v":"0.6"},{"emoji":"📜","name":"scroll","v":"0.6"},{"emoji":"📄","name":"page facing up","v":"0.6"},{"emoji":"📰","name":"newspaper","v":"0.6"},{"emoji":"🗞️","name":"rolled-up newspaper","v":"0.7"},{"emoji":"📑","name":"bookmark tabs","v":"0.6"},{"emoji":"🔖","name":"bookmark","v":"0.6"},{"emoji":"🏷️","name":"label","v":"0.7"},{"emoji":"💰","name":"money bag","v":"0.6"},{"emoji":"🪙","name":"coin","v":"13.0"},{"emoji":"💴","name":"yen banknote","v":"0.6"},{"emoji":"💵","name":"dollar banknote","v":"0.6"},{"emoji":"💶","name":"euro banknote","v":"1.0"},{"emoji":"💷","name":"pound banknote","v":"1.0"},{"emoji":"💸","name":"money with wings","v":"0.6"},{"emoji":"💳","name":"credit card","v":"0.6"},{"emoji":"🧾","name":"receipt","v":"11.0"},{"emoji":"💹","name":"chart increasing with yen","v":"0.6"},{"emoji":"✉️","name":"envelope","v":"0.6"},{"emoji":"📧","name":"e-mail","v":"0.6"},{"emoji":"📨","name":"incoming envelope","v":"0.6"},{"emoji":"📩","name":"envelope with arrow","v":"0.6"},{"emoji":"📤","name":"outbox tray","v":"0.6"},{"emoji":"📥","name":"inbox tray","v":"0.6"},{"emoji":"📦","name":"package","v":"0.6"},{"emoji":"📫","name":"closed mailbox with raised flag","v":"0.6"},{"emoji":"📪","name":"closed mailbox with lowered flag","v":"0.6"},{"emoji":"📬","name":"open mailbox with raised flag","v":"0.7"},{"emoji":"📭","name":"open mailbox with lowered flag","v":"0.7"},{"emoji":"📮","name":"postbox","v":"0.6"},{"emoji":"🗳️","name":"ballot box with ballot","v":"0.7"},{"emoji":"✏️","name":"pencil","v":"0.6"},{"emoji":"✒️","name":"black nib","v":"0.6"},{"emoji":"🖋️","name":"fountain pen","v":"0.7"},{"emoji":"🖊️","name":"pen","v":"0.7"},{"emoji":"🖌️","name":"paintbrush","v":"0.7"},{"emoji":"🖍️","name":"crayon","v":"0.7"},{"emoji":"📝","name":"memo","v":"0.6"},{"emoji":"💼","name":"briefcase","v":"0.6"},{"emoji":"📁","name":"file folder","v":"0.6"},{"emoji":"📂","name":"open file folder","v":"0.6"},{"emoji":"🗂️","name":"card index dividers","v":"0.7"},{"emoji":"📅","name":"calendar","v":"0.6"},{"emoji":"📆","name":"tear-off calendar","v":"0.6"},{"emoji":"🗒️","name":"spiral notepad","v":"0.7"},{"emoji":"🗓️","name":"spiral calendar","v":"0.7"},{"emoji":"📇","name":"card index","v":"0.6"},{"emoji":"📈","name":"chart increasing","v":"0.6"},{"emoji":"📉","name":"chart decreasing","v":"0.6"},{"emoji":"📊","name":"bar chart","v":"0.6"},{"emoji":"📋","name":"clipboard","v":"0.6"},{"emoji":"📌","name":"pushpin","v":"0.6"},{"emoji":"📍","name":"round pushpin","v":"0.6"},{"emoji":"📎","name":"paperclip","v":"0.6"},{"emoji":"🖇️","name":"linked paperclips","v":"0.7"},{"emoji":"📏","name":"straight ruler","v":"0.6"},{"emoji":"📐","name":"triangular ruler","v":"0.6"},{"emoji":"✂️","name":"scissors","v":"0.6"},{"emoji":"🗃️","name":"card file box","v":"0.7"},{"emoji":"🗄️","name":"file cabinet","v":"0.7"},{"emoji":"🗑️","name":"wastebasket","v":"0.7"},{"emoji":"🔒","name":"locked","v":"0.6"},{"emoji":"🔓","name":"unlocked","v":"0.6"},{"emoji":"🔏","name":"locked with pen","v":"0.6"},{"emoji":"🔐","name":"locked with key","v":"0.6"},{"emoji":"🔑","name":"key","v":"0.6"},{"emoji":"🗝️","name":"old key","v":"0.7"},{"emoji":"🔨","name":"hammer","v":"0.6"},{"emoji":"🪓","name":"axe","v":"12.0"},{"emoji":"⛏️","name":"pick","v":"0.7"},{"emoji":"⚒️","name":"hammer and pick","v":"1.0"},{"emoji":"🛠️","name":"hammer and wrench","v":"0.7"},{"emoji":"🗡️","name":"dagger","v":"0.7"},{"emoji":"⚔️","name":"crossed swords","v":"1.0"},{"emoji":"🔫","name":"water pistol","v":"0.6"},{"emoji":"🪃","name":"boomerang","v":"13.0"},{"emoji":"🏹","name":"bow and arrow","v":"1.0"},{"emoji":"🛡️","name":"shield","v":"0.7"},{"emoji":"🪚","name":"carpentry saw","v":"13.0"},{"emoji":"🔧","name":"wrench","v":"0.6"},{"emoji":"🪛","name":"screwdriver","v":"13.0"},{"emoji":"🔩","name":"nut and bolt","v":"0.6"},{"emoji":"⚙️","name":"gear","v":"1.0"},{"emoji":"🗜️","name":"clamp","v":"0.7"},{"emoji":"⚖️","name":"balance scale","v":"1.0"},{"emoji":"🦯","name":"white cane","v":"12.0"},{"emoji":"🔗","name":"link","v":"0.6"},{"emoji":"⛓️","name":"chains","v":"0.7"},{"emoji":"🪝","name":"hook","v":"13.0"},{"emoji":"🧰","name":"toolbox","v":"11.0"},{"emoji":"🧲","name":"magnet","v":"11.0"},{"emoji":"🪜","name":"ladder","v":"13.0"},{"emoji":"⚗️","name":"alembic","v":"1.0"},{"emoji":"🧪","name":"test tube","v":"11.0"},{"emoji":"🧫","name":"petri dish","v":"11.0"},{"emoji":"🧬","name":"dna","v":"11.0"},{"emoji":"🔬","name":"microscope","v":"1.0"},{"emoji":"🔭","name":"telescope","v":"1.0"},{"emoji":"📡","name":"satellite antenna","v":"0.6"},{"emoji":"💉","name":"syringe","v":"0.6"},{"emoji":"🩸","name":"drop of blood","v":"12.0"},{"emoji":"💊","name":"pill","v":"0.6"},{"emoji":"🩹","name":"adhesive bandage","v":"12.0"},{"emoji":"🩺","name":"stethoscope","v":"12.0"},{"emoji":"🚪","name":"door","v":"0.6"},{"emoji":"🛗","name":"elevator","v":"13.0"},{"emoji":"🪞","name":"mirror","v":"13.0"},{"emoji":"🪟","name":"window","v":"13.0"},{"emoji":"🛏️","name":"bed","v":"0.7"},{"emoji":"🛋️","name":"couch and lamp","v":"0.7"},{"emoji":"🪑","name":"chair","v":"12.0"},{"emoji":"🚽","name":"toilet","v":"0.6"},{"emoji":"🪠","name":"plunger","v":"13.0"},{"emoji":"🚿","name":"shower","v":"1.0"},{"emoji":"🛁","name":"bathtub","v":"1.0"},{"emoji":"🪤","name":"mouse trap","v":"13.0"},{"emoji":"🪒","name":"razor","v":"12.0"},{"emoji":"🧴","name":"lotion bottle","v":"11.0"},{"emoji":"🧷","name":"safety pin","v":"11.0"},{"emoji":"🧹","name":"broom","v":"11.0"},{"emoji":"🧺","name":"basket","v":"11.0"},{"emoji":"🧻","name":"roll of paper","v":"11.0"},{"emoji":"🪣","name":"bucket","v":"13.0"},{"emoji":"🧼","name":"soap","v":"11.0"},{"emoji":"🪥","name":"toothbrush","v":"13.0"},{"emoji":"🧽","name":"sponge","v":"11.0"},{"emoji":"🧯","name":"fire extinguisher","v":"11.0"},{"emoji":"🛒","name":"shopping cart","v":"3.0"},{"emoji":"🚬","name":"cigarette","v":"0.6"},{"emoji":"⚰️","name":"coffin","v":"1.0"},{"emoji":"🪦","name":"headstone","v":"13.0"},{"emoji":"⚱️","name":"funeral urn","v":"1.0"},{"emoji":"🗿","name":"moai","v":"0.6"},{"emoji":"🪧","name":"placard","v":"13.0"}]},{"title":"symbols","data":[{"emoji":"🏧","name":"ATM sign","v":"0.6"},{"emoji":"🚮","name":"litter in bin sign","v":"1.0"},{"emoji":"🚰","name":"potable water","v":"1.0"},{"emoji":"♿","name":"wheelchair symbol","v":"0.6"},{"emoji":"🚹","name":"men’s room","v":"0.6"},{"emoji":"🚺","name":"women’s room","v":"0.6"},{"emoji":"🚻","name":"restroom","v":"0.6"},{"emoji":"🚼","name":"baby symbol","v":"0.6"},{"emoji":"🚾","name":"water closet","v":"0.6"},{"emoji":"🛂","name":"passport control","v":"1.0"},{"emoji":"🛃","name":"customs","v":"1.0"},{"emoji":"🛄","name":"baggage claim","v":"1.0"},{"emoji":"🛅","name":"left luggage","v":"1.0"},{"emoji":"⚠️","name":"warning","v":"0.6"},{"emoji":"🚸","name":"children crossing","v":"1.0"},{"emoji":"⛔","name":"no entry","v":"0.6"},{"emoji":"🚫","name":"prohibited","v":"0.6"},{"emoji":"🚳","name":"no bicycles","v":"1.0"},{"emoji":"🚭","name":"no smoking","v":"0.6"},{"emoji":"🚯","name":"no littering","v":"1.0"},{"emoji":"🚱","name":"non-potable water","v":"1.0"},{"emoji":"🚷","name":"no pedestrians","v":"1.0"},{"emoji":"📵","name":"no mobile phones","v":"1.0"},{"emoji":"🔞","name":"no one under eighteen","v":"0.6"},{"emoji":"☢️","name":"radioactive","v":"1.0"},{"emoji":"☣️","name":"biohazard","v":"1.0"},{"emoji":"⬆️","name":"up arrow","v":"0.6"},{"emoji":"↗️","name":"up-right arrow","v":"0.6"},{"emoji":"➡️","name":"right arrow","v":"0.6"},{"emoji":"↘️","name":"down-right arrow","v":"0.6"},{"emoji":"⬇️","name":"down arrow","v":"0.6"},{"emoji":"↙️","name":"down-left arrow","v":"0.6"},{"emoji":"⬅️","name":"left arrow","v":"0.6"},{"emoji":"↖️","name":"up-left arrow","v":"0.6"},{"emoji":"↕️","name":"up-down arrow","v":"0.6"},{"emoji":"↔️","name":"left-right arrow","v":"0.6"},{"emoji":"↩️","name":"right arrow curving left","v":"0.6"},{"emoji":"↪️","name":"left arrow curving right","v":"0.6"},{"emoji":"⤴️","name":"right arrow curving up","v":"0.6"},{"emoji":"⤵️","name":"right arrow curving down","v":"0.6"},{"emoji":"🔃","name":"clockwise vertical arrows","v":"0.6"},{"emoji":"🔄","name":"counterclockwise arrows button","v":"1.0"},{"emoji":"🔙","name":"BACK arrow","v":"0.6"},{"emoji":"🔚","name":"END arrow","v":"0.6"},{"emoji":"🔛","name":"ON! arrow","v":"0.6"},{"emoji":"🔜","name":"SOON arrow","v":"0.6"},{"emoji":"🔝","name":"TOP arrow","v":"0.6"},{"emoji":"🛐","name":"place of worship","v":"1.0"},{"emoji":"⚛️","name":"atom symbol","v":"1.0"},{"emoji":"🕉️","name":"om","v":"0.7"},{"emoji":"✡️","name":"star of David","v":"0.7"},{"emoji":"☸️","name":"wheel of dharma","v":"0.7"},{"emoji":"☯️","name":"yin yang","v":"0.7"},{"emoji":"✝️","name":"latin cross","v":"0.7"},{"emoji":"☦️","name":"orthodox cross","v":"1.0"},{"emoji":"☪️","name":"star and crescent","v":"0.7"},{"emoji":"☮️","name":"peace symbol","v":"1.0"},{"emoji":"🕎","name":"menorah","v":"1.0"},{"emoji":"🔯","name":"dotted six-pointed star","v":"0.6"},{"emoji":"♈","name":"Aries","v":"0.6"},{"emoji":"♉","name":"Taurus","v":"0.6"},{"emoji":"♊","name":"Gemini","v":"0.6"},{"emoji":"♋","name":"Cancer","v":"0.6"},{"emoji":"♌","name":"Leo","v":"0.6"},{"emoji":"♍","name":"Virgo","v":"0.6"},{"emoji":"♎","name":"Libra","v":"0.6"},{"emoji":"♏","name":"Scorpio","v":"0.6"},{"emoji":"♐","name":"Sagittarius","v":"0.6"},{"emoji":"♑","name":"Capricorn","v":"0.6"},{"emoji":"♒","name":"Aquarius","v":"0.6"},{"emoji":"♓","name":"Pisces","v":"0.6"},{"emoji":"⛎","name":"Ophiuchus","v":"0.6"},{"emoji":"🔀","name":"shuffle tracks button","v":"1.0"},{"emoji":"🔁","name":"repeat button","v":"1.0"},{"emoji":"🔂","name":"repeat single button","v":"1.0"},{"emoji":"▶️","name":"play button","v":"0.6"},{"emoji":"⏩","name":"fast-forward button","v":"0.6"},{"emoji":"⏭️","name":"next track button","v":"0.7"},{"emoji":"⏯️","name":"play or pause button","v":"1.0"},{"emoji":"◀️","name":"reverse button","v":"0.6"},{"emoji":"⏪","name":"fast reverse button","v":"0.6"},{"emoji":"⏮️","name":"last track button","v":"0.7"},{"emoji":"🔼","name":"upwards button","v":"0.6"},{"emoji":"⏫","name":"fast up button","v":"0.6"},{"emoji":"🔽","name":"downwards button","v":"0.6"},{"emoji":"⏬","name":"fast down button","v":"0.6"},{"emoji":"⏸️","name":"pause button","v":"0.7"},{"emoji":"⏹️","name":"stop button","v":"0.7"},{"emoji":"⏺️","name":"record button","v":"0.7"},{"emoji":"⏏️","name":"eject button","v":"1.0"},{"emoji":"🎦","name":"cinema","v":"0.6"},{"emoji":"🔅","name":"dim button","v":"1.0"},{"emoji":"🔆","name":"bright button","v":"1.0"},{"emoji":"📶","name":"antenna bars","v":"0.6"},{"emoji":"📳","name":"vibration mode","v":"0.6"},{"emoji":"📴","name":"mobile phone off","v":"0.6"},{"emoji":"♀️","name":"female sign","v":"4.0"},{"emoji":"♂️","name":"male sign","v":"4.0"},{"emoji":"⚧️","name":"transgender symbol","v":"13.0"},{"emoji":"✖️","name":"multiply","v":"0.6"},{"emoji":"➕","name":"plus","v":"0.6"},{"emoji":"➖","name":"minus","v":"0.6"},{"emoji":"➗","name":"divide","v":"0.6"},{"emoji":"♾️","name":"infinity","v":"11.0"},{"emoji":"‼️","name":"double exclamation mark","v":"0.6"},{"emoji":"⁉️","name":"exclamation question mark","v":"0.6"},{"emoji":"❓","name":"red question mark","v":"0.6"},{"emoji":"❔","name":"white question mark","v":"0.6"},{"emoji":"❕","name":"white exclamation mark","v":"0.6"},{"emoji":"❗","name":"red exclamation mark","v":"0.6"},{"emoji":"〰️","name":"wavy dash","v":"0.6"},{"emoji":"💱","name":"currency exchange","v":"0.6"},{"emoji":"💲","name":"heavy dollar sign","v":"0.6"},{"emoji":"⚕️","name":"medical symbol","v":"4.0"},{"emoji":"♻️","name":"recycling symbol","v":"0.6"},{"emoji":"⚜️","name":"fleur-de-lis","v":"1.0"},{"emoji":"🔱","name":"trident emblem","v":"0.6"},{"emoji":"📛","name":"name badge","v":"0.6"},{"emoji":"🔰","name":"Japanese symbol for beginner","v":"0.6"},{"emoji":"⭕","name":"hollow red circle","v":"0.6"},{"emoji":"✅","name":"check mark button","v":"0.6"},{"emoji":"☑️","name":"check box with check","v":"0.6"},{"emoji":"✔️","name":"check mark","v":"0.6"},{"emoji":"❌","name":"cross mark","v":"0.6"},{"emoji":"❎","name":"cross mark button","v":"0.6"},{"emoji":"➰","name":"curly loop","v":"0.6"},{"emoji":"➿","name":"double curly loop","v":"1.0"},{"emoji":"〽️","name":"part alternation mark","v":"0.6"},{"emoji":"✳️","name":"eight-spoked asterisk","v":"0.6"},{"emoji":"✴️","name":"eight-pointed star","v":"0.6"},{"emoji":"❇️","name":"sparkle","v":"0.6"},{"emoji":"©️","name":"copyright","v":"0.6"},{"emoji":"®️","name":"registered","v":"0.6"},{"emoji":"™️","name":"trade mark","v":"0.6"},{"emoji":"#️⃣","name":"keycap #","v":"0.6"},{"emoji":"*️⃣","name":"keycap *","v":"2.0"},{"emoji":"0️⃣","name":"keycap 0","v":"0.6"},{"emoji":"1️⃣","name":"keycap 1","v":"0.6"},{"emoji":"2️⃣","name":"keycap 2","v":"0.6"},{"emoji":"3️⃣","name":"keycap 3","v":"0.6"},{"emoji":"4️⃣","name":"keycap 4","v":"0.6"},{"emoji":"5️⃣","name":"keycap 5","v":"0.6"},{"emoji":"6️⃣","name":"keycap 6","v":"0.6"},{"emoji":"7️⃣","name":"keycap 7","v":"0.6"},{"emoji":"8️⃣","name":"keycap 8","v":"0.6"},{"emoji":"9️⃣","name":"keycap 9","v":"0.6"},{"emoji":"🔟","name":"keycap 10","v":"0.6"},{"emoji":"🔠","name":"input latin uppercase","v":"0.6"},{"emoji":"🔡","name":"input latin lowercase","v":"0.6"},{"emoji":"🔢","name":"input numbers","v":"0.6"},{"emoji":"🔣","name":"input symbols","v":"0.6"},{"emoji":"🔤","name":"input latin letters","v":"0.6"},{"emoji":"🅰️","name":"A button (blood type)","v":"0.6"},{"emoji":"🆎","name":"AB button (blood type)","v":"0.6"},{"emoji":"🅱️","name":"B button (blood type)","v":"0.6"},{"emoji":"🆑","name":"CL button","v":"0.6"},{"emoji":"🆒","name":"COOL button","v":"0.6"},{"emoji":"🆓","name":"FREE button","v":"0.6"},{"emoji":"ℹ️","name":"information","v":"0.6"},{"emoji":"🆔","name":"ID button","v":"0.6"},{"emoji":"Ⓜ️","name":"circled M","v":"0.6"},{"emoji":"🆕","name":"NEW button","v":"0.6"},{"emoji":"🆖","name":"NG button","v":"0.6"},{"emoji":"🅾️","name":"O button (blood type)","v":"0.6"},{"emoji":"🆗","name":"OK button","v":"0.6"},{"emoji":"🅿️","name":"P button","v":"0.6"},{"emoji":"🆘","name":"SOS button","v":"0.6"},{"emoji":"🆙","name":"UP! button","v":"0.6"},{"emoji":"🆚","name":"VS button","v":"0.6"},{"emoji":"🈁","name":"Japanese “here” button","v":"0.6"},{"emoji":"🈂️","name":"Japanese “service charge” button","v":"0.6"},{"emoji":"🈷️","name":"Japanese “monthly amount” button","v":"0.6"},{"emoji":"🈶","name":"Japanese “not free of charge” button","v":"0.6"},{"emoji":"🈯","name":"Japanese “reserved” button","v":"0.6"},{"emoji":"🉐","name":"Japanese “bargain” button","v":"0.6"},{"emoji":"🈹","name":"Japanese “discount” button","v":"0.6"},{"emoji":"🈚","name":"Japanese “free of charge” button","v":"0.6"},{"emoji":"🈲","name":"Japanese “prohibited” button","v":"0.6"},{"emoji":"🉑","name":"Japanese “acceptable” button","v":"0.6"},{"emoji":"🈸","name":"Japanese “application” button","v":"0.6"},{"emoji":"🈴","name":"Japanese “passing grade” button","v":"0.6"},{"emoji":"🈳","name":"Japanese “vacancy” button","v":"0.6"},{"emoji":"㊗️","name":"Japanese “congratulations” button","v":"0.6"},{"emoji":"㊙️","name":"Japanese “secret” button","v":"0.6"},{"emoji":"🈺","name":"Japanese “open for business” button","v":"0.6"},{"emoji":"🈵","name":"Japanese “no vacancy” button","v":"0.6"},{"emoji":"🔴","name":"red circle","v":"0.6"},{"emoji":"🟠","name":"orange circle","v":"12.0"},{"emoji":"🟡","name":"yellow circle","v":"12.0"},{"emoji":"🟢","name":"green circle","v":"12.0"},{"emoji":"🔵","name":"blue circle","v":"0.6"},{"emoji":"🟣","name":"purple circle","v":"12.0"},{"emoji":"🟤","name":"brown circle","v":"12.0"},{"emoji":"⚫","name":"black circle","v":"0.6"},{"emoji":"⚪","name":"white circle","v":"0.6"},{"emoji":"🟥","name":"red square","v":"12.0"},{"emoji":"🟧","name":"orange square","v":"12.0"},{"emoji":"🟨","name":"yellow square","v":"12.0"},{"emoji":"🟩","name":"green square","v":"12.0"},{"emoji":"🟦","name":"blue square","v":"12.0"},{"emoji":"🟪","name":"purple square","v":"12.0"},{"emoji":"🟫","name":"brown square","v":"12.0"},{"emoji":"⬛","name":"black large square","v":"0.6"},{"emoji":"⬜","name":"white large square","v":"0.6"},{"emoji":"◼️","name":"black medium square","v":"0.6"},{"emoji":"◻️","name":"white medium square","v":"0.6"},{"emoji":"◾","name":"black medium-small square","v":"0.6"},{"emoji":"◽","name":"white medium-small square","v":"0.6"},{"emoji":"▪️","name":"black small square","v":"0.6"},{"emoji":"▫️","name":"white small square","v":"0.6"},{"emoji":"🔶","name":"large orange diamond","v":"0.6"},{"emoji":"🔷","name":"large blue diamond","v":"0.6"},{"emoji":"🔸","name":"small orange diamond","v":"0.6"},{"emoji":"🔹","name":"small blue diamond","v":"0.6"},{"emoji":"🔺","name":"red triangle pointed up","v":"0.6"},{"emoji":"🔻","name":"red triangle pointed down","v":"0.6"},{"emoji":"💠","name":"diamond with a dot","v":"0.6"},{"emoji":"🔘","name":"radio button","v":"0.6"},{"emoji":"🔳","name":"white square button","v":"0.6"},{"emoji":"🔲","name":"black square button","v":"0.6"}]},{"title":"flags","data":[{"emoji":"🏁","name":"chequered flag","v":"0.6"},{"emoji":"🚩","name":"triangular flag","v":"0.6"},{"emoji":"🎌","name":"crossed flags","v":"0.6"},{"emoji":"🏴","name":"black flag","v":"1.0"},{"emoji":"🏳️","name":"white flag","v":"0.7"},{"emoji":"🏳️‍🌈","name":"rainbow flag","v":"4.0"},{"emoji":"🏳️‍⚧️","name":"transgender flag","v":"13.0"},{"emoji":"🏴‍☠️","name":"pirate flag","v":"11.0"},{"emoji":"🇦🇨","name":"flag Ascension Island","v":"2.0"},{"emoji":"🇦🇩","name":"flag Andorra","v":"2.0"},{"emoji":"🇦🇪","name":"flag United Arab Emirates","v":"2.0"},{"emoji":"🇦🇫","name":"flag Afghanistan","v":"2.0"},{"emoji":"🇦🇬","name":"flag Antigua & Barbuda","v":"2.0"},{"emoji":"🇦🇮","name":"flag Anguilla","v":"2.0"},{"emoji":"🇦🇱","name":"flag Albania","v":"2.0"},{"emoji":"🇦🇲","name":"flag Armenia","v":"2.0"},{"emoji":"🇦🇴","name":"flag Angola","v":"2.0"},{"emoji":"🇦🇶","name":"flag Antarctica","v":"2.0"},{"emoji":"🇦🇷","name":"flag Argentina","v":"2.0"},{"emoji":"🇦🇸","name":"flag American Samoa","v":"2.0"},{"emoji":"🇦🇹","name":"flag Austria","v":"2.0"},{"emoji":"🇦🇺","name":"flag Australia","v":"2.0"},{"emoji":"🇦🇼","name":"flag Aruba","v":"2.0"},{"emoji":"🇦🇽","name":"flag Åland Islands","v":"2.0"},{"emoji":"🇦🇿","name":"flag Azerbaijan","v":"2.0"},{"emoji":"🇧🇦","name":"flag Bosnia & Herzegovina","v":"2.0"},{"emoji":"🇧🇧","name":"flag Barbados","v":"2.0"},{"emoji":"🇧🇩","name":"flag Bangladesh","v":"2.0"},{"emoji":"🇧🇪","name":"flag Belgium","v":"2.0"},{"emoji":"🇧🇫","name":"flag Burkina Faso","v":"2.0"},{"emoji":"🇧🇬","name":"flag Bulgaria","v":"2.0"},{"emoji":"🇧🇭","name":"flag Bahrain","v":"2.0"},{"emoji":"🇧🇮","name":"flag Burundi","v":"2.0"},{"emoji":"🇧🇯","name":"flag Benin","v":"2.0"},{"emoji":"🇧🇱","name":"flag St. Barthélemy","v":"2.0"},{"emoji":"🇧🇲","name":"flag Bermuda","v":"2.0"},{"emoji":"🇧🇳","name":"flag Brunei","v":"2.0"},{"emoji":"🇧🇴","name":"flag Bolivia","v":"2.0"},{"emoji":"🇧🇶","name":"flag Caribbean Netherlands","v":"2.0"},{"emoji":"🇧🇷","name":"flag Brazil","v":"2.0"},{"emoji":"🇧🇸","name":"flag Bahamas","v":"2.0"},{"emoji":"🇧🇹","name":"flag Bhutan","v":"2.0"},{"emoji":"🇧🇻","name":"flag Bouvet Island","v":"2.0"},{"emoji":"🇧🇼","name":"flag Botswana","v":"2.0"},{"emoji":"🇧🇾","name":"flag Belarus","v":"2.0"},{"emoji":"🇧🇿","name":"flag Belize","v":"2.0"},{"emoji":"🇨🇦","name":"flag Canada","v":"2.0"},{"emoji":"🇨🇨","name":"flag Cocos (Keeling) Islands","v":"2.0"},{"emoji":"🇨🇩","name":"flag Congo - Kinshasa","v":"2.0"},{"emoji":"🇨🇫","name":"flag Central African Republic","v":"2.0"},{"emoji":"🇨🇬","name":"flag Congo - Brazzaville","v":"2.0"},{"emoji":"🇨🇭","name":"flag Switzerland","v":"2.0"},{"emoji":"🇨🇮","name":"flag Côte d’Ivoire","v":"2.0"},{"emoji":"🇨🇰","name":"flag Cook Islands","v":"2.0"},{"emoji":"🇨🇱","name":"flag Chile","v":"2.0"},{"emoji":"🇨🇲","name":"flag Cameroon","v":"2.0"},{"emoji":"🇨🇳","name":"flag China","v":"0.6"},{"emoji":"🇨🇴","name":"flag Colombia","v":"2.0"},{"emoji":"🇨🇵","name":"flag Clipperton Island","v":"2.0"},{"emoji":"🇨🇷","name":"flag Costa Rica","v":"2.0"},{"emoji":"🇨🇺","name":"flag Cuba","v":"2.0"},{"emoji":"🇨🇻","name":"flag Cape Verde","v":"2.0"},{"emoji":"🇨🇼","name":"flag Curaçao","v":"2.0"},{"emoji":"🇨🇽","name":"flag Christmas Island","v":"2.0"},{"emoji":"🇨🇾","name":"flag Cyprus","v":"2.0"},{"emoji":"🇨🇿","name":"flag Czechia","v":"2.0"},{"emoji":"🇩🇪","name":"flag Germany","v":"0.6"},{"emoji":"🇩🇬","name":"flag Diego Garcia","v":"2.0"},{"emoji":"🇩🇯","name":"flag Djibouti","v":"2.0"},{"emoji":"🇩🇰","name":"flag Denmark","v":"2.0"},{"emoji":"🇩🇲","name":"flag Dominica","v":"2.0"},{"emoji":"🇩🇴","name":"flag Dominican Republic","v":"2.0"},{"emoji":"🇩🇿","name":"flag Algeria","v":"2.0"},{"emoji":"🇪🇦","name":"flag Ceuta & Melilla","v":"2.0"},{"emoji":"🇪🇨","name":"flag Ecuador","v":"2.0"},{"emoji":"🇪🇪","name":"flag Estonia","v":"2.0"},{"emoji":"🇪🇬","name":"flag Egypt","v":"2.0"},{"emoji":"🇪🇭","name":"flag Western Sahara","v":"2.0"},{"emoji":"🇪🇷","name":"flag Eritrea","v":"2.0"},{"emoji":"🇪🇸","name":"flag Spain","v":"0.6"},{"emoji":"🇪🇹","name":"flag Ethiopia","v":"2.0"},{"emoji":"🇪🇺","name":"flag European Union","v":"2.0"},{"emoji":"🇫🇮","name":"flag Finland","v":"2.0"},{"emoji":"🇫🇯","name":"flag Fiji","v":"2.0"},{"emoji":"🇫🇰","name":"flag Falkland Islands","v":"2.0"},{"emoji":"🇫🇲","name":"flag Micronesia","v":"2.0"},{"emoji":"🇫🇴","name":"flag Faroe Islands","v":"2.0"},{"emoji":"🇫🇷","name":"flag France","v":"0.6"},{"emoji":"🇬🇦","name":"flag Gabon","v":"2.0"},{"emoji":"🇬🇧","name":"flag United Kingdom","v":"0.6"},{"emoji":"🇬🇩","name":"flag Grenada","v":"2.0"},{"emoji":"🇬🇪","name":"flag Georgia","v":"2.0"},{"emoji":"🇬🇫","name":"flag French Guiana","v":"2.0"},{"emoji":"🇬🇬","name":"flag Guernsey","v":"2.0"},{"emoji":"🇬🇭","name":"flag Ghana","v":"2.0"},{"emoji":"🇬🇮","name":"flag Gibraltar","v":"2.0"},{"emoji":"🇬🇱","name":"flag Greenland","v":"2.0"},{"emoji":"🇬🇲","name":"flag Gambia","v":"2.0"},{"emoji":"🇬🇳","name":"flag Guinea","v":"2.0"},{"emoji":"🇬🇵","name":"flag Guadeloupe","v":"2.0"},{"emoji":"🇬🇶","name":"flag Equatorial Guinea","v":"2.0"},{"emoji":"🇬🇷","name":"flag Greece","v":"2.0"},{"emoji":"🇬🇸","name":"flag South Georgia & South Sandwich Islands","v":"2.0"},{"emoji":"🇬🇹","name":"flag Guatemala","v":"2.0"},{"emoji":"🇬🇺","name":"flag Guam","v":"2.0"},{"emoji":"🇬🇼","name":"flag Guinea-Bissau","v":"2.0"},{"emoji":"🇬🇾","name":"flag Guyana","v":"2.0"},{"emoji":"🇭🇰","name":"flag Hong Kong SAR China","v":"2.0"},{"emoji":"🇭🇲","name":"flag Heard & McDonald Islands","v":"2.0"},{"emoji":"🇭🇳","name":"flag Honduras","v":"2.0"},{"emoji":"🇭🇷","name":"flag Croatia","v":"2.0"},{"emoji":"🇭🇹","name":"flag Haiti","v":"2.0"},{"emoji":"🇭🇺","name":"flag Hungary","v":"2.0"},{"emoji":"🇮🇨","name":"flag Canary Islands","v":"2.0"},{"emoji":"🇮🇩","name":"flag Indonesia","v":"2.0"},{"emoji":"🇮🇪","name":"flag Ireland","v":"2.0"},{"emoji":"🇮🇱","name":"flag Israel","v":"2.0"},{"emoji":"🇮🇲","name":"flag Isle of Man","v":"2.0"},{"emoji":"🇮🇳","name":"flag India","v":"2.0"},{"emoji":"🇮🇴","name":"flag British Indian Ocean Territory","v":"2.0"},{"emoji":"🇮🇶","name":"flag Iraq","v":"2.0"},{"emoji":"🇮🇷","name":"flag Iran","v":"2.0"},{"emoji":"🇮🇸","name":"flag Iceland","v":"2.0"},{"emoji":"🇮🇹","name":"flag Italy","v":"0.6"},{"emoji":"🇯🇪","name":"flag Jersey","v":"2.0"},{"emoji":"🇯🇲","name":"flag Jamaica","v":"2.0"},{"emoji":"🇯🇴","name":"flag Jordan","v":"2.0"},{"emoji":"🇯🇵","name":"flag Japan","v":"0.6"},{"emoji":"🇰🇪","name":"flag Kenya","v":"2.0"},{"emoji":"🇰🇬","name":"flag Kyrgyzstan","v":"2.0"},{"emoji":"🇰🇭","name":"flag Cambodia","v":"2.0"},{"emoji":"🇰🇮","name":"flag Kiribati","v":"2.0"},{"emoji":"🇰🇲","name":"flag Comoros","v":"2.0"},{"emoji":"🇰🇳","name":"flag St. Kitts & Nevis","v":"2.0"},{"emoji":"🇰🇵","name":"flag North Korea","v":"2.0"},{"emoji":"🇰🇷","name":"flag South Korea","v":"0.6"},{"emoji":"🇰🇼","name":"flag Kuwait","v":"2.0"},{"emoji":"🇰🇾","name":"flag Cayman Islands","v":"2.0"},{"emoji":"🇰🇿","name":"flag Kazakhstan","v":"2.0"},{"emoji":"🇱🇦","name":"flag Laos","v":"2.0"},{"emoji":"🇱🇧","name":"flag Lebanon","v":"2.0"},{"emoji":"🇱🇨","name":"flag St. Lucia","v":"2.0"},{"emoji":"🇱🇮","name":"flag Liechtenstein","v":"2.0"},{"emoji":"🇱🇰","name":"flag Sri Lanka","v":"2.0"},{"emoji":"🇱🇷","name":"flag Liberia","v":"2.0"},{"emoji":"🇱🇸","name":"flag Lesotho","v":"2.0"},{"emoji":"🇱🇹","name":"flag Lithuania","v":"2.0"},{"emoji":"🇱🇺","name":"flag Luxembourg","v":"2.0"},{"emoji":"🇱🇻","name":"flag Latvia","v":"2.0"},{"emoji":"🇱🇾","name":"flag Libya","v":"2.0"},{"emoji":"🇲🇦","name":"flag Morocco","v":"2.0"},{"emoji":"🇲🇨","name":"flag Monaco","v":"2.0"},{"emoji":"🇲🇩","name":"flag Moldova","v":"2.0"},{"emoji":"🇲🇪","name":"flag Montenegro","v":"2.0"},{"emoji":"🇲🇫","name":"flag St. Martin","v":"2.0"},{"emoji":"🇲🇬","name":"flag Madagascar","v":"2.0"},{"emoji":"🇲🇭","name":"flag Marshall Islands","v":"2.0"},{"emoji":"🇲🇰","name":"flag North Macedonia","v":"2.0"},{"emoji":"🇲🇱","name":"flag Mali","v":"2.0"},{"emoji":"🇲🇲","name":"flag Myanmar (Burma)","v":"2.0"},{"emoji":"🇲🇳","name":"flag Mongolia","v":"2.0"},{"emoji":"🇲🇴","name":"flag Macao SAR China","v":"2.0"},{"emoji":"🇲🇵","name":"flag Northern Mariana Islands","v":"2.0"},{"emoji":"🇲🇶","name":"flag Martinique","v":"2.0"},{"emoji":"🇲🇷","name":"flag Mauritania","v":"2.0"},{"emoji":"🇲🇸","name":"flag Montserrat","v":"2.0"},{"emoji":"🇲🇹","name":"flag Malta","v":"2.0"},{"emoji":"🇲🇺","name":"flag Mauritius","v":"2.0"},{"emoji":"🇲🇻","name":"flag Maldives","v":"2.0"},{"emoji":"🇲🇼","name":"flag Malawi","v":"2.0"},{"emoji":"🇲🇽","name":"flag Mexico","v":"2.0"},{"emoji":"🇲🇾","name":"flag Malaysia","v":"2.0"},{"emoji":"🇲🇿","name":"flag Mozambique","v":"2.0"},{"emoji":"🇳🇦","name":"flag Namibia","v":"2.0"},{"emoji":"🇳🇨","name":"flag New Caledonia","v":"2.0"},{"emoji":"🇳🇪","name":"flag Niger","v":"2.0"},{"emoji":"🇳🇫","name":"flag Norfolk Island","v":"2.0"},{"emoji":"🇳🇬","name":"flag Nigeria","v":"2.0"},{"emoji":"🇳🇮","name":"flag Nicaragua","v":"2.0"},{"emoji":"🇳🇱","name":"flag Netherlands","v":"2.0"},{"emoji":"🇳🇴","name":"flag Norway","v":"2.0"},{"emoji":"🇳🇵","name":"flag Nepal","v":"2.0"},{"emoji":"🇳🇷","name":"flag Nauru","v":"2.0"},{"emoji":"🇳🇺","name":"flag Niue","v":"2.0"},{"emoji":"🇳🇿","name":"flag New Zealand","v":"2.0"},{"emoji":"🇴🇲","name":"flag Oman","v":"2.0"},{"emoji":"🇵🇦","name":"flag Panama","v":"2.0"},{"emoji":"🇵🇪","name":"flag Peru","v":"2.0"},{"emoji":"🇵🇫","name":"flag French Polynesia","v":"2.0"},{"emoji":"🇵🇬","name":"flag Papua New Guinea","v":"2.0"},{"emoji":"🇵🇭","name":"flag Philippines","v":"2.0"},{"emoji":"🇵🇰","name":"flag Pakistan","v":"2.0"},{"emoji":"🇵🇱","name":"flag Poland","v":"2.0"},{"emoji":"🇵🇲","name":"flag St. Pierre & Miquelon","v":"2.0"},{"emoji":"🇵🇳","name":"flag Pitcairn Islands","v":"2.0"},{"emoji":"🇵🇷","name":"flag Puerto Rico","v":"2.0"},{"emoji":"🇵🇸","name":"flag Palestinian Territories","v":"2.0"},{"emoji":"🇵🇹","name":"flag Portugal","v":"2.0"},{"emoji":"🇵🇼","name":"flag Palau","v":"2.0"},{"emoji":"🇵🇾","name":"flag Paraguay","v":"2.0"},{"emoji":"🇶🇦","name":"flag Qatar","v":"2.0"},{"emoji":"🇷🇪","name":"flag Réunion","v":"2.0"},{"emoji":"🇷🇴","name":"flag Romania","v":"2.0"},{"emoji":"🇷🇸","name":"flag Serbia","v":"2.0"},{"emoji":"🇷🇺","name":"flag Russia","v":"0.6"},{"emoji":"🇷🇼","name":"flag Rwanda","v":"2.0"},{"emoji":"🇸🇦","name":"flag Saudi Arabia","v":"2.0"},{"emoji":"🇸🇧","name":"flag Solomon Islands","v":"2.0"},{"emoji":"🇸🇨","name":"flag Seychelles","v":"2.0"},{"emoji":"🇸🇩","name":"flag Sudan","v":"2.0"},{"emoji":"🇸🇪","name":"flag Sweden","v":"2.0"},{"emoji":"🇸🇬","name":"flag Singapore","v":"2.0"},{"emoji":"🇸🇭","name":"flag St. Helena","v":"2.0"},{"emoji":"🇸🇮","name":"flag Slovenia","v":"2.0"},{"emoji":"🇸🇯","name":"flag Svalbard & Jan Mayen","v":"2.0"},{"emoji":"🇸🇰","name":"flag Slovakia","v":"2.0"},{"emoji":"🇸🇱","name":"flag Sierra Leone","v":"2.0"},{"emoji":"🇸🇲","name":"flag San Marino","v":"2.0"},{"emoji":"🇸🇳","name":"flag Senegal","v":"2.0"},{"emoji":"🇸🇴","name":"flag Somalia","v":"2.0"},{"emoji":"🇸🇷","name":"flag Suriname","v":"2.0"},{"emoji":"🇸🇸","name":"flag South Sudan","v":"2.0"},{"emoji":"🇸🇹","name":"flag São Tomé & Príncipe","v":"2.0"},{"emoji":"🇸🇻","name":"flag El Salvador","v":"2.0"},{"emoji":"🇸🇽","name":"flag Sint Maarten","v":"2.0"},{"emoji":"🇸🇾","name":"flag Syria","v":"2.0"},{"emoji":"🇸🇿","name":"flag Eswatini","v":"2.0"},{"emoji":"🇹🇦","name":"flag Tristan da Cunha","v":"2.0"},{"emoji":"🇹🇨","name":"flag Turks & Caicos Islands","v":"2.0"},{"emoji":"🇹🇩","name":"flag Chad","v":"2.0"},{"emoji":"🇹🇫","name":"flag French Southern Territories","v":"2.0"},{"emoji":"🇹🇬","name":"flag Togo","v":"2.0"},{"emoji":"🇹🇭","name":"flag Thailand","v":"2.0"},{"emoji":"🇹🇯","name":"flag Tajikistan","v":"2.0"},{"emoji":"🇹🇰","name":"flag Tokelau","v":"2.0"},{"emoji":"🇹🇱","name":"flag Timor-Leste","v":"2.0"},{"emoji":"🇹🇲","name":"flag Turkmenistan","v":"2.0"},{"emoji":"🇹🇳","name":"flag Tunisia","v":"2.0"},{"emoji":"🇹🇴","name":"flag Tonga","v":"2.0"},{"emoji":"🇹🇷","name":"flag Turkey","v":"2.0"},{"emoji":"🇹🇹","name":"flag Trinidad & Tobago","v":"2.0"},{"emoji":"🇹🇻","name":"flag Tuvalu","v":"2.0"},{"emoji":"🇹🇼","name":"flag Taiwan","v":"2.0"},{"emoji":"🇹🇿","name":"flag Tanzania","v":"2.0"},{"emoji":"🇺🇦","name":"flag Ukraine","v":"2.0"},{"emoji":"🇺🇬","name":"flag Uganda","v":"2.0"},{"emoji":"🇺🇲","name":"flag U.S. Outlying Islands","v":"2.0"},{"emoji":"🇺🇳","name":"flag United Nations","v":"4.0"},{"emoji":"🇺🇸","name":"flag United States","v":"0.6"},{"emoji":"🇺🇾","name":"flag Uruguay","v":"2.0"},{"emoji":"🇺🇿","name":"flag Uzbekistan","v":"2.0"},{"emoji":"🇻🇦","name":"flag Vatican City","v":"2.0"},{"emoji":"🇻🇨","name":"flag St. Vincent & Grenadines","v":"2.0"},{"emoji":"🇻🇪","name":"flag Venezuela","v":"2.0"},{"emoji":"🇻🇬","name":"flag British Virgin Islands","v":"2.0"},{"emoji":"🇻🇮","name":"flag U.S. Virgin Islands","v":"2.0"},{"emoji":"🇻🇳","name":"flag Vietnam","v":"2.0"},{"emoji":"🇻🇺","name":"flag Vanuatu","v":"2.0"},{"emoji":"🇼🇫","name":"flag Wallis & Futuna","v":"2.0"},{"emoji":"🇼🇸","name":"flag Samoa","v":"2.0"},{"emoji":"🇽🇰","name":"flag Kosovo","v":"2.0"},{"emoji":"🇾🇪","name":"flag Yemen","v":"2.0"},{"emoji":"🇾🇹","name":"flag Mayotte","v":"2.0"},{"emoji":"🇿🇦","name":"flag South Africa","v":"2.0"},{"emoji":"🇿🇲","name":"flag Zambia","v":"2.0"},{"emoji":"🇿🇼","name":"flag Zimbabwe","v":"2.0"},{"emoji":"🏴󠁧󠁢󠁥󠁮󠁧󠁿","name":"flag England","v":"5.0"},{"emoji":"🏴󠁧󠁢󠁳󠁣󠁴󠁿","name":"flag Scotland","v":"5.0"},{"emoji":"🏴󠁧󠁢󠁷󠁬󠁳󠁿","name":"flag Wales","v":"5.0"}]}]