[
    {
        "category": "general",
        "image": "https://images.unsplash.com/photo-1523995462485-3d171b5c8fa9?ixid=MnwxMjA3fDB8MHxzZWFyY2h8NjF8fGdlbmVyYWwlMjBuZXdzfGVufDB8fDB8fA%3D%3D&ixlib=rb-1.2.1&auto=format&fit=crop&w=800&q=60"
    },
    {
        "category": "business",
        "image": "https://images.unsplash.com/photo-1491336477066-31156b5e4f35?ixid=MnwxMjA3fDB8MHxwaG90by1wYWdlfHx8fGVufDB8fHx8&ixlib=rb-1.2.1&auto=format&fit=crop&w=1350&q=80"
    },
    {
        "category": "entertainment",
        "image": "https://images.unsplash.com/photo-1499364615650-ec38552f4f34?ixid=MnwxMjA3fDB8MHxwaG90by1wYWdlfHx8fGVufDB8fHx8&ixlib=rb-1.2.1&auto=format&fit=crop&w=1266&q=80"
    },
    {
        "category": "health",
        "image": "https://images.unsplash.com/photo-1527613426441-4da17471b66d?ixid=MnwxMjA3fDB8MHxwaG90by1wYWdlfHx8fGVufDB8fHx8&ixlib=rb-1.2.1&auto=format&fit=crop&w=1335&q=80"
    },
    {
        "category": "science",
        "image": "https://images.unsplash.com/photo-1554475900-0a0350e3fc7b?ixid=MnwxMjA3fDB8MHxwaG90by1wYWdlfHx8fGVufDB8fHx8&ixlib=rb-1.2.1&auto=format&fit=crop&w=718&q=80"
    },
    {
        "category": "sports",
        "image": "https://images.unsplash.com/photo-1602674809970-89073c530b0a?ixid=MnwxMjA3fDB8MHxwaG90by1wYWdlfHx8fGVufDB8fHx8&ixlib=rb-1.2.1&auto=format&fit=crop&w=1350&q=80"
    },
    {
        "category": "technology",
        "image": "https://images.unsplash.com/photo-1498050108023-c5249f4df085?ixid=MnwxMjA3fDB8MHxwaG90by1wYWdlfHx8fGVufDB8fHx8&ixlib=rb-1.2.1&auto=format&fit=crop&w=1352&q=80"
    }
]